,Charging Profile
2016-12-30 00:00:00+00:00,300.6497425220961
2016-12-30 00:01:00+00:00,288.8406892309806
2016-12-30 00:02:00+00:00,288.8406892309806
2016-12-30 00:03:00+00:00,271.0359136896216
2016-12-30 00:04:00+00:00,271.0359136896216
2016-12-30 00:05:00+00:00,260.23366023746286
2016-12-30 00:06:00+00:00,232.871908776862
2016-12-30 00:07:00+00:00,229.39159192551404
2016-12-30 00:08:00+00:00,214.7164958353521
2016-12-30 00:09:00+00:00,214.7164958353521
2016-12-30 00:10:00+00:00,200.08657902284864
2016-12-30 00:11:00+00:00,288.27408017085577
2016-12-30 00:12:00+00:00,273.9034945083233
2016-12-30 00:13:00+00:00,284.5896493648871
2016-12-30 00:14:00+00:00,178.41025916888455
2016-12-30 00:15:00+00:00,174.72644805367798
2016-12-30 00:16:00+00:00,171.12854943944592
2016-12-30 00:17:00+00:00,229.93663452636804
2016-12-30 00:18:00+00:00,174.75357759005925
2016-12-30 00:19:00+00:00,174.49990578317386
2016-12-30 00:20:00+00:00,153.30902020487292
2016-12-30 00:21:00+00:00,149.8861946496954
2016-12-30 00:22:00+00:00,242.364313065424
2016-12-30 00:23:00+00:00,142.64993558120597
2016-12-30 00:24:00+00:00,142.5849721732696
2016-12-30 00:25:00+00:00,138.90991584114536
2016-12-30 00:26:00+00:00,148.3842286425204
2016-12-30 00:27:00+00:00,148.42642601129089
2016-12-30 00:28:00+00:00,148.42642601129089
2016-12-30 00:29:00+00:00,144.80252488659573
2016-12-30 00:30:00+00:00,144.80252488659573
2016-12-30 00:31:00+00:00,197.4469935017957
2016-12-30 00:32:00+00:00,190.10770184422918
2016-12-30 00:33:00+00:00,127.63591970286213
2016-12-30 00:34:00+00:00,120.3321670474822
2016-12-30 00:35:00+00:00,116.53957287458937
2016-12-30 00:36:00+00:00,116.53957287458937
2016-12-30 00:37:00+00:00,120.1497436987856
2016-12-30 00:38:00+00:00,112.88708245626354
2016-12-30 00:39:00+00:00,112.88708245626354
2016-12-30 00:40:00+00:00,109.3375735311112
2016-12-30 00:41:00+00:00,109.3375735311112
2016-12-30 00:42:00+00:00,164.00500866100148
2016-12-30 00:43:00+00:00,109.3375735311112
2016-12-30 00:44:00+00:00,181.73660556287325
2016-12-30 00:45:00+00:00,116.59056602120167
2016-12-30 00:46:00+00:00,123.5617503976453
2016-12-30 00:47:00+00:00,173.68680520924096
2016-12-30 00:48:00+00:00,127.05734888303697
2016-12-30 00:49:00+00:00,123.38774421898444
2016-12-30 00:50:00+00:00,112.55079962131617
2016-12-30 00:51:00+00:00,116.41093006860095
2016-12-30 00:52:00+00:00,112.73762684703519
2016-12-30 00:53:00+00:00,113.02145202819523
2016-12-30 00:54:00+00:00,124.01302577702576
2016-12-30 00:55:00+00:00,124.01302577702576
2016-12-30 00:56:00+00:00,116.74397074969586
2016-12-30 00:57:00+00:00,133.66235093790618
2016-12-30 00:58:00+00:00,133.6214600716846
2016-12-30 00:59:00+00:00,130.01128924748835
2016-12-30 01:00:00+00:00,130.01128924748835
2016-12-30 01:01:00+00:00,133.68425130650166
2016-12-30 01:02:00+00:00,133.68425130650166
2016-12-30 01:03:00+00:00,123.55533908169886
2016-12-30 01:04:00+00:00,116.49840831095023
2016-12-30 01:05:00+00:00,112.81451432976169
2016-12-30 01:06:00+00:00,105.65415854821515
2016-12-30 01:07:00+00:00,105.65415854821515
2016-12-30 01:08:00+00:00,98.42268623701251
2016-12-30 01:09:00+00:00,112.76276692480383
2016-12-30 01:10:00+00:00,105.94107397954514
2016-12-30 01:11:00+00:00,113.31982279633107
2016-12-30 01:12:00+00:00,109.66222581018775
2016-12-30 01:13:00+00:00,118.64482260994023
2016-12-30 01:14:00+00:00,118.64482260994023
2016-12-30 01:15:00+00:00,129.32093084573847
2016-12-30 01:16:00+00:00,116.63997149461143
2016-12-30 01:17:00+00:00,127.37228308714168
2016-12-30 01:18:00+00:00,123.6993210281284
2016-12-30 01:19:00+00:00,119.65221404243316
2016-12-30 01:20:00+00:00,115.99884593432742
2016-12-30 01:21:00+00:00,124.34077211802354
2016-12-30 01:22:00+00:00,105.5771970719329
2016-12-30 01:23:00+00:00,108.88812211248276
2016-12-30 01:24:00+00:00,108.88812211248276
2016-12-30 01:25:00+00:00,94.90108883613468
2016-12-30 01:26:00+00:00,98.56021809411371
2016-12-30 01:27:00+00:00,108.45025453456826
2016-12-30 01:28:00+00:00,97.50472309776237
2016-12-30 01:29:00+00:00,172.493765946944
2016-12-30 01:30:00+00:00,175.89988151060479
2016-12-30 01:31:00+00:00,111.88984280134716
2016-12-30 01:32:00+00:00,111.88984280134716
2016-12-30 01:33:00+00:00,104.55173187451409
2016-12-30 01:34:00+00:00,100.8855913209772
2016-12-30 01:35:00+00:00,87.30823210596172
2016-12-30 01:36:00+00:00,97.43367115524497
2016-12-30 01:37:00+00:00,97.43367115524497
2016-12-30 01:38:00+00:00,93.74210307795231
2016-12-30 01:39:00+00:00,74.22967484792918
2016-12-30 01:40:00+00:00,74.27390240273535
2016-12-30 01:41:00+00:00,77.8752639338152
2016-12-30 01:42:00+00:00,59.85294021187337
2016-12-30 01:43:00+00:00,69.47925245993295
2016-12-30 01:44:00+00:00,71.14952878701327
2016-12-30 01:45:00+00:00,60.3884853663284
2016-12-30 01:46:00+00:00,53.23095584311139
2016-12-30 01:47:00+00:00,53.23095584311139
2016-12-30 01:48:00+00:00,53.23095584311139
2016-12-30 01:49:00+00:00,74.43039622656484
2016-12-30 01:50:00+00:00,78.0974082039824
2016-12-30 01:51:00+00:00,71.86784491597629
2016-12-30 01:52:00+00:00,144.7373884408169
2016-12-30 01:53:00+00:00,61.21335383496478
2016-12-30 01:54:00+00:00,75.48395002857467
2016-12-30 01:55:00+00:00,65.19950336678487
2016-12-30 01:56:00+00:00,65.19950336678487
2016-12-30 01:57:00+00:00,65.19950336678487
2016-12-30 01:58:00+00:00,68.49960552426985
2016-12-30 01:59:00+00:00,64.89824399319
2016-12-30 02:00:00+00:00,61.22052863922349
2016-12-30 02:01:00+00:00,71.47160775539172
2016-12-30 02:02:00+00:00,67.17017670373723
2016-12-30 02:03:00+00:00,63.77342774368374
2016-12-30 02:04:00+00:00,60.47332558619874
2016-12-30 02:05:00+00:00,56.78535594872046
2016-12-30 02:06:00+00:00,56.78535594872046
2016-12-30 02:07:00+00:00,56.627559968546684
2016-12-30 02:08:00+00:00,67.04216680944499
2016-12-30 02:09:00+00:00,60.72692052448237
2016-12-30 02:10:00+00:00,57.385881898345204
2016-12-30 02:11:00+00:00,53.704237738823025
2016-12-30 02:12:00+00:00,50.12945566950978
2016-12-30 02:13:00+00:00,50.12945566950978
2016-12-30 02:14:00+00:00,39.53359017676091
2016-12-30 02:15:00+00:00,42.25426262318331
2016-12-30 02:16:00+00:00,45.82631921914526
2016-12-30 02:17:00+00:00,49.4492655880299
2016-12-30 02:18:00+00:00,53.14330938708171
2016-12-30 02:19:00+00:00,88.38048887601309
2016-12-30 02:20:00+00:00,60.466325945098916
2016-12-30 02:21:00+00:00,60.466325945098916
2016-12-30 02:22:00+00:00,54.56435692507117
2016-12-30 02:23:00+00:00,54.56435692507117
2016-12-30 02:24:00+00:00,58.169363067227984
2016-12-30 02:25:00+00:00,61.84398484453081
2016-12-30 02:26:00+00:00,69.07786426742848
2016-12-30 02:27:00+00:00,76.30627528662428
2016-12-30 02:28:00+00:00,87.20248166522184
2016-12-30 02:29:00+00:00,83.6625792783037
2016-12-30 02:30:00+00:00,87.33930640963386
2016-12-30 02:31:00+00:00,87.33930640963386
2016-12-30 02:32:00+00:00,87.32036657720326
2016-12-30 02:33:00+00:00,98.02744167427791
2016-12-30 02:34:00+00:00,101.64049168633001
2016-12-30 02:35:00+00:00,105.04971058483274
2016-12-30 02:36:00+00:00,136.95156469393385
2016-12-30 02:37:00+00:00,171.79318330690637
2016-12-30 02:38:00+00:00,146.30057494167056
2016-12-30 02:39:00+00:00,146.2499339208989
2016-12-30 02:40:00+00:00,153.1612859810912
2016-12-30 02:41:00+00:00,142.2694942236283
2016-12-30 02:42:00+00:00,120.44864779908441
2016-12-30 02:43:00+00:00,113.19072198463043
2016-12-30 02:44:00+00:00,88.0214078001735
2016-12-30 02:45:00+00:00,80.82386166251388
2016-12-30 02:46:00+00:00,77.28327234133101
2016-12-30 02:47:00+00:00,84.37169238928297
2016-12-30 02:48:00+00:00,64.49509936154998
2016-12-30 02:49:00+00:00,64.04873501590446
2016-12-30 02:50:00+00:00,65.11519472841668
2016-12-30 02:51:00+00:00,65.11519472841668
2016-12-30 02:52:00+00:00,65.11519472841668
2016-12-30 02:53:00+00:00,65.11519472841668
2016-12-30 02:54:00+00:00,65.10017990510158
2016-12-30 02:55:00+00:00,65.10017990510158
2016-12-30 02:56:00+00:00,57.77197209695412
2016-12-30 02:57:00+00:00,152.92769928388572
2016-12-30 02:58:00+00:00,173.564671835088
2016-12-30 02:59:00+00:00,173.564671835088
2016-12-30 03:00:00+00:00,173.564671835088
2016-12-30 03:01:00+00:00,75.29275785767926
2016-12-30 03:02:00+00:00,81.65882738878913
2016-12-30 03:03:00+00:00,78.00175948157948
2016-12-30 03:04:00+00:00,87.68648233373354
2016-12-30 03:05:00+00:00,74.23561109111715
2016-12-30 03:06:00+00:00,74.22426165055796
2016-12-30 03:07:00+00:00,81.47158878027902
2016-12-30 03:08:00+00:00,85.16274708123703
2016-12-30 03:09:00+00:00,95.45963717617471
2016-12-30 03:10:00+00:00,172.4900518041756
2016-12-30 03:11:00+00:00,165.74658294102562
2016-12-30 03:12:00+00:00,145.15797352880696
2016-12-30 03:13:00+00:00,81.95265354670148
2016-12-30 03:14:00+00:00,81.95265354670148
2016-12-30 03:15:00+00:00,75.569027634979
2016-12-30 03:16:00+00:00,75.569027634979
2016-12-30 03:17:00+00:00,79.24007682132279
2016-12-30 03:18:00+00:00,79.24007682132279
2016-12-30 03:19:00+00:00,79.24007682132279
2016-12-30 03:20:00+00:00,79.35700000065238
2016-12-30 03:21:00+00:00,69.15933782920442
2016-12-30 03:22:00+00:00,58.41584642088893
2016-12-30 03:23:00+00:00,58.39181569439258
2016-12-30 03:24:00+00:00,58.39181569439258
2016-12-30 03:25:00+00:00,54.6942351114299
2016-12-30 03:26:00+00:00,58.36499626962341
2016-12-30 03:27:00+00:00,51.08703158514399
2016-12-30 03:28:00+00:00,51.12963508158441
2016-12-30 03:29:00+00:00,58.0533496523421
2016-12-30 03:30:00+00:00,58.00302166305622
2016-12-30 03:31:00+00:00,65.28423403534448
2016-12-30 03:32:00+00:00,65.25883611323663
2016-12-30 03:33:00+00:00,65.25883611323663
2016-12-30 03:34:00+00:00,61.62367843510448
2016-12-30 03:35:00+00:00,173.89072070754372
2016-12-30 03:36:00+00:00,159.4281159661721
2016-12-30 03:37:00+00:00,159.4281159661721
2016-12-30 03:38:00+00:00,148.89110857655072
2016-12-30 03:39:00+00:00,148.89110857655072
2016-12-30 03:40:00+00:00,69.7448672626172
2016-12-30 03:41:00+00:00,47.15969432509901
2016-12-30 03:42:00+00:00,47.15969432509901
2016-12-30 03:43:00+00:00,50.80502573475491
2016-12-30 03:44:00+00:00,47.11173563304011
2016-12-30 03:45:00+00:00,47.11173563304011
2016-12-30 03:46:00+00:00,47.07081456112619
2016-12-30 03:47:00+00:00,50.712434851956864
2016-12-30 03:48:00+00:00,166.54960801924912
2016-12-30 03:49:00+00:00,244.10821507490647
2016-12-30 03:50:00+00:00,166.54960801924912
2016-12-30 03:51:00+00:00,177.10586057766398
2016-12-30 03:52:00+00:00,184.46321882077686
2016-12-30 03:53:00+00:00,82.10545884872272
2016-12-30 03:54:00+00:00,78.48091996998255
2016-12-30 03:55:00+00:00,78.48091996998255
2016-12-30 03:56:00+00:00,74.30679041126456
2016-12-30 03:57:00+00:00,74.30679041126456
2016-12-30 03:58:00+00:00,64.24514454378331
2016-12-30 03:59:00+00:00,68.35625141195993
2016-12-30 04:00:00+00:00,71.9645578442258
2016-12-30 04:01:00+00:00,54.781813113873746
2016-12-30 04:02:00+00:00,68.90438155018481
2016-12-30 04:03:00+00:00,79.33559461558357
2016-12-30 04:04:00+00:00,89.5925232222736
2016-12-30 04:05:00+00:00,89.5688971399336
2016-12-30 04:06:00+00:00,96.8805694443731
2016-12-30 04:07:00+00:00,96.8805694443731
2016-12-30 04:08:00+00:00,90.03874912902509
2016-12-30 04:09:00+00:00,79.54726681279735
2016-12-30 04:10:00+00:00,72.23925067848018
2016-12-30 04:11:00+00:00,75.92251053407276
2016-12-30 04:12:00+00:00,72.26483882467485
2016-12-30 04:13:00+00:00,72.26483882467485
2016-12-30 04:14:00+00:00,62.00791021798482
2016-12-30 04:15:00+00:00,61.99499715684222
2016-12-30 04:16:00+00:00,61.99499715684222
2016-12-30 04:17:00+00:00,72.81992473560241
2016-12-30 04:18:00+00:00,69.23277544073945
2016-12-30 04:19:00+00:00,69.23277544073945
2016-12-30 04:20:00+00:00,62.038392410848445
2016-12-30 04:21:00+00:00,65.55066443566498
2016-12-30 04:22:00+00:00,82.7641741128269
2016-12-30 04:23:00+00:00,79.15586768056104
2016-12-30 04:24:00+00:00,82.79211264538372
2016-12-30 04:25:00+00:00,210.52902250107954
2016-12-30 04:26:00+00:00,199.7040949223193
2016-12-30 04:27:00+00:00,223.12739076450376
2016-12-30 04:28:00+00:00,104.65055863103238
2016-12-30 04:29:00+00:00,199.0555984803066
2016-12-30 04:30:00+00:00,105.3185115199886
2016-12-30 04:31:00+00:00,98.54116316145657
2016-12-30 04:32:00+00:00,91.23220323503173
2016-12-30 04:33:00+00:00,215.81470710433913
2016-12-30 04:34:00+00:00,193.47006600257086
2016-12-30 04:35:00+00:00,200.69612810315925
2016-12-30 04:36:00+00:00,81.44743587813477
2016-12-30 04:37:00+00:00,77.8047411884617
2016-12-30 04:38:00+00:00,75.82438392429479
2016-12-30 04:39:00+00:00,75.82438392429479
2016-12-30 04:40:00+00:00,75.88265896850612
2016-12-30 04:41:00+00:00,92.41357209367978
2016-12-30 04:42:00+00:00,96.02804839103331
2016-12-30 04:43:00+00:00,103.39842500498092
2016-12-30 04:44:00+00:00,96.2809060520306
2016-12-30 04:45:00+00:00,89.25886627671571
2016-12-30 04:46:00+00:00,87.25580869879276
2016-12-30 04:47:00+00:00,83.58421870680533
2016-12-30 04:48:00+00:00,83.58421870680533
2016-12-30 04:49:00+00:00,83.58421870680533
2016-12-30 04:50:00+00:00,80.17848129797461
2016-12-30 04:51:00+00:00,83.770322582433
2016-12-30 04:52:00+00:00,87.45887878090605
2016-12-30 04:53:00+00:00,193.62990574432635
2016-12-30 04:54:00+00:00,193.62990574432635
2016-12-30 04:55:00+00:00,207.31440872170657
2016-12-30 04:56:00+00:00,203.65867485513843
2016-12-30 04:57:00+00:00,94.14619049955986
2016-12-30 04:58:00+00:00,94.14619049955986
2016-12-30 04:59:00+00:00,101.42626740067476
2016-12-30 05:00:00+00:00,101.42626740067476
2016-12-30 05:01:00+00:00,101.35286892196433
2016-12-30 05:02:00+00:00,90.36328986175229
2016-12-30 05:03:00+00:00,93.97949064947562
2016-12-30 05:04:00+00:00,91.21025618144282
2016-12-30 05:05:00+00:00,96.75837990554396
2016-12-30 05:06:00+00:00,96.75837990554396
2016-12-30 05:07:00+00:00,96.75837990554396
2016-12-30 05:08:00+00:00,91.21958657867431
2016-12-30 05:09:00+00:00,94.83737801980858
2016-12-30 05:10:00+00:00,100.7405209293075
2016-12-30 05:11:00+00:00,97.05726107371491
2016-12-30 05:12:00+00:00,192.36001697195505
2016-12-30 05:13:00+00:00,100.38904178520646
2016-12-30 05:14:00+00:00,100.21725340047566
2016-12-30 05:15:00+00:00,100.22876602047374
2016-12-30 05:16:00+00:00,94.34403317923193
2016-12-30 05:17:00+00:00,98.02272800036931
2016-12-30 05:18:00+00:00,98.02272800036931
2016-12-30 05:19:00+00:00,105.2772503200058
2016-12-30 05:20:00+00:00,108.98851757996889
2016-12-30 05:21:00+00:00,129.86146518747077
2016-12-30 05:22:00+00:00,105.3622203207277
2016-12-30 05:23:00+00:00,115.56120202516655
2016-12-30 05:24:00+00:00,125.09187108079439
2016-12-30 05:25:00+00:00,125.20300790071346
2016-12-30 05:26:00+00:00,141.96138933893113
2016-12-30 05:27:00+00:00,127.65411526181099
2016-12-30 05:28:00+00:00,127.65411526181099
2016-12-30 05:29:00+00:00,129.26817064473877
2016-12-30 05:30:00+00:00,106.64811246798963
2016-12-30 05:31:00+00:00,106.64811246798963
2016-12-30 05:32:00+00:00,106.64811246798963
2016-12-30 05:33:00+00:00,106.64811246798963
2016-12-30 05:34:00+00:00,110.31645643991637
2016-12-30 05:35:00+00:00,214.83123204013427
2016-12-30 05:36:00+00:00,109.00730477230232
2016-12-30 05:37:00+00:00,101.7122185537442
2016-12-30 05:38:00+00:00,123.0635100362342
2016-12-30 05:39:00+00:00,129.9487532765398
2016-12-30 05:40:00+00:00,126.50915150497676
2016-12-30 05:41:00+00:00,122.81850398023664
2016-12-30 05:42:00+00:00,105.18174809704195
2016-12-30 05:43:00+00:00,112.40781334019118
2016-12-30 05:44:00+00:00,119.55606393008719
2016-12-30 05:45:00+00:00,115.93263676165449
2016-12-30 05:46:00+00:00,116.2274264984448
2016-12-30 05:47:00+00:00,112.54647960285021
2016-12-30 05:48:00+00:00,91.30848115597215
2016-12-30 05:49:00+00:00,80.46736103225322
2016-12-30 05:50:00+00:00,76.79859248097264
2016-12-30 05:51:00+00:00,76.79859248097264
2016-12-30 05:52:00+00:00,83.83225504855793
2016-12-30 05:53:00+00:00,87.37417941746278
2016-12-30 05:54:00+00:00,87.37417941746278
2016-12-30 05:55:00+00:00,80.3020175647722
2016-12-30 05:56:00+00:00,80.25789639697734
2016-12-30 05:57:00+00:00,80.31424168223359
2016-12-30 05:58:00+00:00,84.00654711927166
2016-12-30 05:59:00+00:00,73.37047957086867
2016-12-30 06:00:00+00:00,66.03128826585558
2016-12-30 06:01:00+00:00,80.63314259181496
2016-12-30 06:02:00+00:00,80.63314259181496
2016-12-30 06:03:00+00:00,80.63314259181496
2016-12-30 06:04:00+00:00,80.63314259181496
2016-12-30 06:05:00+00:00,80.63314259181496
2016-12-30 06:06:00+00:00,94.78238641784812
2016-12-30 06:07:00+00:00,94.78238641784812
2016-12-30 06:08:00+00:00,101.50857530925533
2016-12-30 06:09:00+00:00,105.17287465924959
2016-12-30 06:10:00+00:00,101.49487851076442
2016-12-30 06:11:00+00:00,101.49487851076442
2016-12-30 06:12:00+00:00,104.34456180807668
2016-12-30 06:13:00+00:00,106.793272813368
2016-12-30 06:14:00+00:00,169.09924715089326
2016-12-30 06:15:00+00:00,114.0950544739626
2016-12-30 06:16:00+00:00,114.0950544739626
2016-12-30 06:17:00+00:00,117.25392309318151
2016-12-30 06:18:00+00:00,117.25392309318151
2016-12-30 06:19:00+00:00,104.46681476272938
2016-12-30 06:20:00+00:00,111.71688935699781
2016-12-30 06:21:00+00:00,101.16910510108228
2016-12-30 06:22:00+00:00,111.53564154571279
2016-12-30 06:23:00+00:00,115.38106377526297
2016-12-30 06:24:00+00:00,104.95531272808567
2016-12-30 06:25:00+00:00,101.26856368869976
2016-12-30 06:26:00+00:00,112.8477565076318
2016-12-30 06:27:00+00:00,116.4737081873678
2016-12-30 06:28:00+00:00,109.6023321105261
2016-12-30 06:29:00+00:00,109.6023321105261
2016-12-30 06:30:00+00:00,101.23608687889879
2016-12-30 06:31:00+00:00,97.61013519916278
2016-12-30 06:32:00+00:00,93.94583584916856
2016-12-30 06:33:00+00:00,86.59650166724566
2016-12-30 06:34:00+00:00,97.16095528356718
2016-12-30 06:35:00+00:00,87.24841238949197
2016-12-30 06:36:00+00:00,83.56971756835462
2016-12-30 06:37:00+00:00,83.56492084182668
2016-12-30 06:38:00+00:00,83.56492084182668
2016-12-30 06:39:00+00:00,83.56492084182668
2016-12-30 06:40:00+00:00,80.16973657949511
2016-12-30 06:41:00+00:00,180.43630490234045
2016-12-30 06:42:00+00:00,88.84628624677462
2016-12-30 06:43:00+00:00,92.4378055053894
2016-12-30 06:44:00+00:00,76.51059552969737
2016-12-30 06:45:00+00:00,207.1696277385975
2016-12-30 06:46:00+00:00,196.24669265804135
2016-12-30 06:47:00+00:00,196.24669265804135
2016-12-30 06:48:00+00:00,76.63658826084368
2016-12-30 06:49:00+00:00,76.63658826084368
2016-12-30 06:50:00+00:00,83.482745305387
2016-12-30 06:51:00+00:00,94.46613087912625
2016-12-30 06:52:00+00:00,94.46613087912625
2016-12-30 06:53:00+00:00,94.46613087912625
2016-12-30 06:54:00+00:00,105.2652602564305
2016-12-30 06:55:00+00:00,101.62809859797335
2016-12-30 06:56:00+00:00,101.62809859797335
2016-12-30 06:57:00+00:00,105.3036135809738
2016-12-30 06:58:00+00:00,112.50535240387286
2016-12-30 06:59:00+00:00,112.50535240387286
2016-12-30 07:00:00+00:00,101.99085138740283
2016-12-30 07:01:00+00:00,91.19172201009857
2016-12-30 07:02:00+00:00,87.63268947094475
2016-12-30 07:03:00+00:00,87.54550998289271
2016-12-30 07:04:00+00:00,87.54550998289271
2016-12-30 07:05:00+00:00,105.26480375712946
2016-12-30 07:06:00+00:00,105.26480375712946
2016-12-30 07:07:00+00:00,112.58104449169265
2016-12-30 07:08:00+00:00,116.28019659108855
2016-12-30 07:09:00+00:00,137.04888495023857
2016-12-30 07:10:00+00:00,129.79948579944997
2016-12-30 07:11:00+00:00,126.2079665408352
2016-12-30 07:12:00+00:00,189.26794542018789
2016-12-30 07:13:00+00:00,105.05221166041476
2016-12-30 07:14:00+00:00,119.66910052168937
2016-12-30 07:15:00+00:00,98.90041216253938
2016-12-30 07:16:00+00:00,105.71711319355164
2016-12-30 07:17:00+00:00,204.09258627893433
2016-12-30 07:18:00+00:00,207.7271155054294
2016-12-30 07:19:00+00:00,211.41420817754926
2016-12-30 07:20:00+00:00,123.9966273277961
2016-12-30 07:21:00+00:00,123.9966273277961
2016-12-30 07:22:00+00:00,134.54731263457157
2016-12-30 07:23:00+00:00,119.88296676290894
2016-12-30 07:24:00+00:00,133.58700017997583
2016-12-30 07:25:00+00:00,147.86084612851747
2016-12-30 07:26:00+00:00,140.78013282521877
2016-12-30 07:27:00+00:00,140.98143863996356
2016-12-30 07:28:00+00:00,140.98143863996356
2016-12-30 07:29:00+00:00,140.98143863996356
2016-12-30 07:30:00+00:00,137.4119014202704
2016-12-30 07:31:00+00:00,133.90588081666075
2016-12-30 07:32:00+00:00,133.97879445661542
2016-12-30 07:33:00+00:00,133.85618989904717
2016-12-30 07:34:00+00:00,127.49201342169904
2016-12-30 07:35:00+00:00,137.72605827066317
2016-12-30 07:36:00+00:00,155.8492395782043
2016-12-30 07:37:00+00:00,152.4886837705883
2016-12-30 07:38:00+00:00,152.4886837705883
2016-12-30 07:39:00+00:00,162.94217785402495
2016-12-30 07:40:00+00:00,173.69116663226575
2016-12-30 07:41:00+00:00,196.106200438764
2016-12-30 07:42:00+00:00,206.06337164656082
2016-12-30 07:43:00+00:00,206.09943783116864
2016-12-30 07:44:00+00:00,203.43400240041854
2016-12-30 07:45:00+00:00,192.45672092699596
2016-12-30 07:46:00+00:00,192.45672092699596
2016-12-30 07:47:00+00:00,291.8971576074321
2016-12-30 07:48:00+00:00,288.7574906717532
2016-12-30 07:49:00+00:00,288.7574906717532
2016-12-30 07:50:00+00:00,277.7574906717532
2016-12-30 07:51:00+00:00,178.32849651944508
2016-12-30 07:52:00+00:00,178.32849651944508
2016-12-30 07:53:00+00:00,182.01954578080196
2016-12-30 07:54:00+00:00,178.38519234921418
2016-12-30 07:55:00+00:00,174.81906479823505
2016-12-30 07:56:00+00:00,167.46642419066802
2016-12-30 07:57:00+00:00,167.57980686564756
2016-12-30 07:58:00+00:00,167.94307913360754
2016-12-30 07:59:00+00:00,175.06842767694278
2016-12-30 08:00:00+00:00,196.63478018249924
2016-12-30 08:01:00+00:00,200.3325838631924
2016-12-30 08:02:00+00:00,200.5009742796672
2016-12-30 08:03:00+00:00,207.58538327925808
2016-12-30 08:04:00+00:00,222.5005020671209
2016-12-30 08:05:00+00:00,211.51711649338165
2016-12-30 08:06:00+00:00,210.88513889416936
2016-12-30 08:07:00+00:00,221.8243720375202
2016-12-30 08:08:00+00:00,214.6491155457223
2016-12-30 08:09:00+00:00,214.6491155457223
2016-12-30 08:10:00+00:00,214.6491155457223
2016-12-30 08:11:00+00:00,210.94911554572232
2016-12-30 08:12:00+00:00,210.94911554572232
2016-12-30 08:13:00+00:00,207.33629558736556
2016-12-30 08:14:00+00:00,207.33629558736556
2016-12-30 08:15:00+00:00,232.70799310154385
2016-12-30 08:16:00+00:00,229.16968619098185
2016-12-30 08:17:00+00:00,232.6752281139818
2016-12-30 08:18:00+00:00,240.0733342946874
2016-12-30 08:19:00+00:00,243.69034046172777
2016-12-30 08:20:00+00:00,254.44970723830536
2016-12-30 08:21:00+00:00,254.42357780081872
2016-12-30 08:22:00+00:00,265.3959985805608
2016-12-30 08:23:00+00:00,254.59045665756076
2016-12-30 08:24:00+00:00,368.4998655130709
2016-12-30 08:25:00+00:00,364.92450479301766
2016-12-30 08:26:00+00:00,378.4615640051906
2016-12-30 08:27:00+00:00,378.4615640051906
2016-12-30 08:28:00+00:00,331.29658983371843
2016-12-30 08:29:00+00:00,331.29658983371843
2016-12-30 08:30:00+00:00,448.22813609172096
2016-12-30 08:31:00+00:00,388.1072916824436
2016-12-30 08:32:00+00:00,392.4416029497097
2016-12-30 08:33:00+00:00,378.0143123651199
2016-12-30 08:34:00+00:00,494.7500059091135
2016-12-30 08:35:00+00:00,502.069129548927
2016-12-30 08:36:00+00:00,410.1866459020253
2016-12-30 08:37:00+00:00,407.0337941018572
2016-12-30 08:38:00+00:00,428.81217368899996
2016-12-30 08:39:00+00:00,294.1644624312749
2016-12-30 08:40:00+00:00,367.59336800744705
2016-12-30 08:41:00+00:00,357.54715365702026
2016-12-30 08:42:00+00:00,287.8163125878785
2016-12-30 08:43:00+00:00,280.652326743131
2016-12-30 08:44:00+00:00,265.61059308919124
2016-12-30 08:45:00+00:00,265.61059308919124
2016-12-30 08:46:00+00:00,262.20194774738565
2016-12-30 08:47:00+00:00,262.3406982724684
2016-12-30 08:48:00+00:00,244.5242634803625
2016-12-30 08:49:00+00:00,255.45892927636103
2016-12-30 08:50:00+00:00,259.0864302696108
2016-12-30 08:51:00+00:00,248.29486115189104
2016-12-30 08:52:00+00:00,251.97454801951972
2016-12-30 08:53:00+00:00,244.75059501202813
2016-12-30 08:54:00+00:00,345.0090491406093
2016-12-30 08:55:00+00:00,345.0090491406093
2016-12-30 08:56:00+00:00,345.0090491406093
2016-12-30 08:57:00+00:00,338.2620713748061
2016-12-30 08:58:00+00:00,338.2620713748061
2016-12-30 08:59:00+00:00,249.0520711123978
2016-12-30 09:00:00+00:00,249.0687721178868
2016-12-30 09:01:00+00:00,249.0687721178868
2016-12-30 09:02:00+00:00,249.0687721178868
2016-12-30 09:03:00+00:00,270.86363567370455
2016-12-30 09:04:00+00:00,274.54110318292345
2016-12-30 09:05:00+00:00,270.85750787192654
2016-12-30 09:06:00+00:00,278.2956075060958
2016-12-30 09:07:00+00:00,274.6319238199706
2016-12-30 09:08:00+00:00,296.48450116141345
2016-12-30 09:09:00+00:00,321.220292850578
2016-12-30 09:10:00+00:00,328.6147588170151
2016-12-30 09:11:00+00:00,321.3874741234916
2016-12-30 09:12:00+00:00,335.4202170066267
2016-12-30 09:13:00+00:00,345.1907202253086
2016-12-30 09:14:00+00:00,373.30690770460956
2016-12-30 09:15:00+00:00,440.50892680594177
2016-12-30 09:16:00+00:00,462.3381554253531
2016-12-30 09:17:00+00:00,341.9880579946242
2016-12-30 09:18:00+00:00,334.8555654900001
2016-12-30 09:19:00+00:00,399.8290130856195
2016-12-30 09:20:00+00:00,417.93439630095355
2016-12-30 09:21:00+00:00,353.3170944629838
2016-12-30 09:22:00+00:00,353.49107285310055
2016-12-30 09:23:00+00:00,354.150587227607
2016-12-30 09:24:00+00:00,364.9680508547181
2016-12-30 09:25:00+00:00,358.13378535408066
2016-12-30 09:26:00+00:00,449.4800439623296
2016-12-30 09:27:00+00:00,449.56080419487097
2016-12-30 09:28:00+00:00,453.2381565823345
2016-12-30 09:29:00+00:00,361.93735599785094
2016-12-30 09:30:00+00:00,365.5348622011822
2016-12-30 09:31:00+00:00,376.44603153909947
2016-12-30 09:32:00+00:00,380.11952878603796
2016-12-30 09:33:00+00:00,504.68194115198577
2016-12-30 09:34:00+00:00,401.49864973671794
2016-12-30 09:35:00+00:00,491.87906544100537
2016-12-30 09:36:00+00:00,477.4598219911896
2016-12-30 09:37:00+00:00,392.9586055360548
2016-12-30 09:38:00+00:00,400.31089274949807
2016-12-30 09:39:00+00:00,383.57785261349966
2016-12-30 09:40:00+00:00,394.1173369857483
2016-12-30 09:41:00+00:00,394.125964091963
2016-12-30 09:42:00+00:00,397.64158315106084
2016-12-30 09:43:00+00:00,411.99662864183307
2016-12-30 09:44:00+00:00,457.7962991145094
2016-12-30 09:45:00+00:00,404.67842059216133
2016-12-30 09:46:00+00:00,405.6173639694262
2016-12-30 09:47:00+00:00,401.8581764060719
2016-12-30 09:48:00+00:00,409.25817640607187
2016-12-30 09:49:00+00:00,373.3301544444973
2016-12-30 09:50:00+00:00,387.96617492832314
2016-12-30 09:51:00+00:00,384.09577567286334
2016-12-30 09:52:00+00:00,587.5038445920485
2016-12-30 09:53:00+00:00,709.6335762929459
2016-12-30 09:54:00+00:00,746.7406837150295
2016-12-30 09:55:00+00:00,814.7273177023434
2016-12-30 09:56:00+00:00,825.4381212929948
2016-12-30 09:57:00+00:00,523.1696119378643
2016-12-30 09:58:00+00:00,430.52373825153546
2016-12-30 09:59:00+00:00,416.236239684537
2016-12-30 10:00:00+00:00,408.9419506992968
2016-12-30 10:01:00+00:00,448.36790860297907
2016-12-30 10:02:00+00:00,451.19796247043206
2016-12-30 10:03:00+00:00,552.7108034458424
2016-12-30 10:04:00+00:00,563.192716820041
2016-12-30 10:05:00+00:00,451.61879305240285
2016-12-30 10:06:00+00:00,451.61879305240285
2016-12-30 10:07:00+00:00,441.7202396705639
2016-12-30 10:08:00+00:00,506.67726443881924
2016-12-30 10:09:00+00:00,456.4923032984265
2016-12-30 10:10:00+00:00,494.86187879596554
2016-12-30 10:11:00+00:00,478.2291012854948
2016-12-30 10:12:00+00:00,474.5718767636419
2016-12-30 10:13:00+00:00,474.51231176092887
2016-12-30 10:14:00+00:00,467.2810222175946
2016-12-30 10:15:00+00:00,474.35891248798094
2016-12-30 10:16:00+00:00,506.651235467125
2016-12-30 10:17:00+00:00,470.80207789873606
2016-12-30 10:18:00+00:00,473.5572930237874
2016-12-30 10:19:00+00:00,488.0579712646275
2016-12-30 10:20:00+00:00,488.0579712646275
2016-12-30 10:21:00+00:00,588.7576313532124
2016-12-30 10:22:00+00:00,588.741270057566
2016-12-30 10:23:00+00:00,578.1566983151018
2016-12-30 10:24:00+00:00,676.999595569871
2016-12-30 10:25:00+00:00,580.2685611838886
2016-12-30 10:26:00+00:00,565.8229971856084
2016-12-30 10:27:00+00:00,577.5987285554262
2016-12-30 10:28:00+00:00,570.481278340804
2016-12-30 10:29:00+00:00,685.8238313052395
2016-12-30 10:30:00+00:00,681.7229486445785
2016-12-30 10:31:00+00:00,557.49323417939
2016-12-30 10:32:00+00:00,557.2166783561737
2016-12-30 10:33:00+00:00,534.8210956224311
2016-12-30 10:34:00+00:00,549.3222739942677
2016-12-30 10:35:00+00:00,554.8542008066164
2016-12-30 10:36:00+00:00,576.2375746885926
2016-12-30 10:37:00+00:00,545.2120127582683
2016-12-30 10:38:00+00:00,442.0923302568202
2016-12-30 10:39:00+00:00,456.50636323246295
2016-12-30 10:40:00+00:00,441.97793165590747
2016-12-30 10:41:00+00:00,429.4480637569551
2016-12-30 10:42:00+00:00,436.72315165265695
2016-12-30 10:43:00+00:00,429.36334186474323
2016-12-30 10:44:00+00:00,421.9816017162502
2016-12-30 10:45:00+00:00,425.7611013753932
2016-12-30 10:46:00+00:00,531.1306593137109
2016-12-30 10:47:00+00:00,416.41699968685884
2016-12-30 10:48:00+00:00,420.41829355891184
2016-12-30 10:49:00+00:00,417.6218813659791
2016-12-30 10:50:00+00:00,406.52475346372614
2016-12-30 10:51:00+00:00,501.89154189111775
2016-12-30 10:52:00+00:00,523.5712720499274
2016-12-30 10:53:00+00:00,500.1494793970296
2016-12-30 10:54:00+00:00,503.80429129908805
2016-12-30 10:55:00+00:00,503.59559382779685
2016-12-30 10:56:00+00:00,513.2879258596776
2016-12-30 10:57:00+00:00,553.1895391143056
2016-12-30 10:58:00+00:00,569.3056430692633
2016-12-30 10:59:00+00:00,565.7590400950529
2016-12-30 11:00:00+00:00,565.7646177879514
2016-12-30 11:01:00+00:00,576.6100497002805
2016-12-30 11:02:00+00:00,722.1686212537057
2016-12-30 11:03:00+00:00,725.8686212537057
2016-12-30 11:04:00+00:00,736.7105351324922
2016-12-30 11:05:00+00:00,647.5323152693645
2016-12-30 11:06:00+00:00,643.9061191392868
2016-12-30 11:07:00+00:00,728.6920625601917
2016-12-30 11:08:00+00:00,723.0884680368915
2016-12-30 11:09:00+00:00,641.9954407735094
2016-12-30 11:10:00+00:00,739.3376299007964
2016-12-30 11:11:00+00:00,742.7906342965232
2016-12-30 11:12:00+00:00,735.7743406720078
2016-12-30 11:13:00+00:00,803.24971084783
2016-12-30 11:14:00+00:00,792.2549135879702
2016-12-30 11:15:00+00:00,620.6087509721937
2016-12-30 11:16:00+00:00,606.0027190837873
2016-12-30 11:17:00+00:00,598.5031964884307
2016-12-30 11:18:00+00:00,602.3216864907122
2016-12-30 11:19:00+00:00,631.3897270461516
2016-12-30 11:20:00+00:00,617.3229321290889
2016-12-30 11:21:00+00:00,592.3197356216059
2016-12-30 11:22:00+00:00,627.8515811666031
2016-12-30 11:23:00+00:00,585.1235307795138
2016-12-30 11:24:00+00:00,616.9286601269625
2016-12-30 11:25:00+00:00,805.6715205775412
2016-12-30 11:26:00+00:00,704.888763867797
2016-12-30 11:27:00+00:00,906.3072590962595
2016-12-30 11:28:00+00:00,1008.5751772506597
2016-12-30 11:29:00+00:00,911.0228552313541
2016-12-30 11:30:00+00:00,832.6979167588232
2016-12-30 11:31:00+00:00,741.6945958186254
2016-12-30 11:32:00+00:00,650.5742597384988
2016-12-30 11:33:00+00:00,664.8126239991547
2016-12-30 11:34:00+00:00,801.4142103996948
2016-12-30 11:35:00+00:00,921.9760002194457
2016-12-30 11:36:00+00:00,932.9630418684872
2016-12-30 11:37:00+00:00,823.8256665504035
2016-12-30 11:38:00+00:00,826.891749883465
2016-12-30 11:39:00+00:00,826.8685007714183
2016-12-30 11:40:00+00:00,808.6301959246515
2016-12-30 11:41:00+00:00,694.0200031740656
2016-12-30 11:42:00+00:00,680.1916935587379
2016-12-30 11:43:00+00:00,771.2984342610395
2016-12-30 11:44:00+00:00,792.2729179877476
2016-12-30 11:45:00+00:00,802.555897265736
2016-12-30 11:46:00+00:00,689.8155731815942
2016-12-30 11:47:00+00:00,693.8962521927266
2016-12-30 11:48:00+00:00,694.8374898880605
2016-12-30 11:49:00+00:00,676.1141317097579
2016-12-30 11:50:00+00:00,683.4629052085314
2016-12-30 11:51:00+00:00,687.3163293001528
2016-12-30 11:52:00+00:00,694.6915944862076
2016-12-30 11:53:00+00:00,789.9077263151883
2016-12-30 11:54:00+00:00,815.5896963650853
2016-12-30 11:55:00+00:00,806.0695835458907
2016-12-30 11:56:00+00:00,883.5435127521343
2016-12-30 11:57:00+00:00,794.4205114743776
2016-12-30 11:58:00+00:00,690.9718009564054
2016-12-30 11:59:00+00:00,698.1198540193925
2016-12-30 12:00:00+00:00,712.7086006826855
2016-12-30 12:01:00+00:00,705.464102009921
2016-12-30 12:02:00+00:00,696.3317853317541
2016-12-30 12:03:00+00:00,692.9273987886129
2016-12-30 12:04:00+00:00,680.5536934841251
2016-12-30 12:05:00+00:00,798.4952118565261
2016-12-30 12:06:00+00:00,906.2338536457135
2016-12-30 12:07:00+00:00,931.0817315453628
2016-12-30 12:08:00+00:00,1051.724918508894
2016-12-30 12:09:00+00:00,958.409428820156
2016-12-30 12:10:00+00:00,960.5590519973749
2016-12-30 12:11:00+00:00,840.6966391255653
2016-12-30 12:12:00+00:00,848.0785064566321
2016-12-30 12:13:00+00:00,844.3785064566321
2016-12-30 12:14:00+00:00,848.0381855999219
2016-12-30 12:15:00+00:00,852.0698501528996
2016-12-30 12:16:00+00:00,724.2696408708282
2016-12-30 12:17:00+00:00,713.3442370143227
2016-12-30 12:18:00+00:00,845.6121464704516
2016-12-30 12:19:00+00:00,834.9574402182936
2016-12-30 12:20:00+00:00,820.3065573900948
2016-12-30 12:21:00+00:00,680.8959911103964
2016-12-30 12:22:00+00:00,720.6386286247539
2016-12-30 12:23:00+00:00,710.1129633114164
2016-12-30 12:24:00+00:00,836.3165029103923
2016-12-30 12:25:00+00:00,847.3894077815123
2016-12-30 12:26:00+00:00,947.9746919778726
2016-12-30 12:27:00+00:00,969.2011234105357
2016-12-30 12:28:00+00:00,878.7631055580088
2016-12-30 12:29:00+00:00,847.4187373104138
2016-12-30 12:30:00+00:00,840.0049698377793
2016-12-30 12:31:00+00:00,836.2770304693296
2016-12-30 12:32:00+00:00,847.1215575664925
2016-12-30 12:33:00+00:00,771.504160789783
2016-12-30 12:34:00+00:00,782.7913558744192
2016-12-30 12:35:00+00:00,786.3607997179762
2016-12-30 12:36:00+00:00,886.0865406511426
2016-12-30 12:37:00+00:00,764.6442422534637
2016-12-30 12:38:00+00:00,764.6335101850225
2016-12-30 12:39:00+00:00,789.3783549705946
2016-12-30 12:40:00+00:00,800.1868856315853
2016-12-30 12:41:00+00:00,796.9120945854025
2016-12-30 12:42:00+00:00,802.5936489506453
2016-12-30 12:43:00+00:00,843.0488431590436
2016-12-30 12:44:00+00:00,887.6583160859619
2016-12-30 12:45:00+00:00,933.1776101053846
2016-12-30 12:46:00+00:00,796.5192385158632
2016-12-30 12:47:00+00:00,814.5509421046253
2016-12-30 12:48:00+00:00,814.5309275282302
2016-12-30 12:49:00+00:00,814.4871159887634
2016-12-30 12:50:00+00:00,818.3189605201127
2016-12-30 12:51:00+00:00,821.8054625096776
2016-12-30 12:52:00+00:00,839.5692477935032
2016-12-30 12:53:00+00:00,821.6791546790618
2016-12-30 12:54:00+00:00,807.3996140564109
2016-12-30 12:55:00+00:00,789.2485340345936
2016-12-30 12:56:00+00:00,770.986324403444
2016-12-30 12:57:00+00:00,893.5698088620023
2016-12-30 12:58:00+00:00,807.6507638056581
2016-12-30 12:59:00+00:00,912.5996615353655
2016-12-30 13:00:00+00:00,916.2806625601283
2016-12-30 13:01:00+00:00,924.046573881977
2016-12-30 13:02:00+00:00,898.6456863773075
2016-12-30 13:03:00+00:00,880.7432786437239
2016-12-30 13:04:00+00:00,887.9140054093999
2016-12-30 13:05:00+00:00,898.939527724298
2016-12-30 13:06:00+00:00,783.1616264324432
2016-12-30 13:07:00+00:00,776.200595678772
2016-12-30 13:08:00+00:00,783.5870685450926
2016-12-30 13:09:00+00:00,801.3555792851271
2016-12-30 13:10:00+00:00,813.928857679039
2016-12-30 13:11:00+00:00,901.0743139916123
2016-12-30 13:12:00+00:00,909.1953021934597
2016-12-30 13:13:00+00:00,905.7940488712492
2016-12-30 13:14:00+00:00,1028.1303836157135
2016-12-30 13:15:00+00:00,915.540379252369
2016-12-30 13:16:00+00:00,937.38474904887
2016-12-30 13:17:00+00:00,1065.2337101536966
2016-12-30 13:18:00+00:00,1121.4380593748779
2016-12-30 13:19:00+00:00,983.8587571241885
2016-12-30 13:20:00+00:00,791.4392947773274
2016-12-30 13:21:00+00:00,786.8657748877321
2016-12-30 13:22:00+00:00,785.2814519171902
2016-12-30 13:23:00+00:00,760.7607259388967
2016-12-30 13:24:00+00:00,969.9816279938005
2016-12-30 13:25:00+00:00,1052.9084909533158
2016-12-30 13:26:00+00:00,958.0141053952125
2016-12-30 13:27:00+00:00,868.3101300188026
2016-12-30 13:28:00+00:00,765.4158661113502
2016-12-30 13:29:00+00:00,743.6124773782361
2016-12-30 13:30:00+00:00,957.1925122375593
2016-12-30 13:31:00+00:00,772.3549331816057
2016-12-30 13:32:00+00:00,776.0947553148454
2016-12-30 13:33:00+00:00,768.8758720480358
2016-12-30 13:34:00+00:00,761.6101774620114
2016-12-30 13:35:00+00:00,874.0529388962834
2016-12-30 13:36:00+00:00,895.3049736874044
2016-12-30 13:37:00+00:00,894.8233296511855
2016-12-30 13:38:00+00:00,777.9642913707739
2016-12-30 13:39:00+00:00,774.6814330607264
2016-12-30 13:40:00+00:00,789.2153583811304
2016-12-30 13:41:00+00:00,911.7639151165068
2016-12-30 13:42:00+00:00,926.0980271121376
2016-12-30 13:43:00+00:00,912.3615533098675
2016-12-30 13:44:00+00:00,950.5479475077664
2016-12-30 13:45:00+00:00,1110.2416976951604
2016-12-30 13:46:00+00:00,986.8254130895838
2016-12-30 13:47:00+00:00,915.650563763575
2016-12-30 13:48:00+00:00,820.2539274052007
2016-12-30 13:49:00+00:00,809.3827892245562
2016-12-30 13:50:00+00:00,876.9743321775926
2016-12-30 13:51:00+00:00,873.7655224202719
2016-12-30 13:52:00+00:00,851.9073605287093
2016-12-30 13:53:00+00:00,780.7564339502529
2016-12-30 13:54:00+00:00,776.9203828882188
2016-12-30 13:55:00+00:00,773.156906237757
2016-12-30 13:56:00+00:00,762.4697631650901
2016-12-30 13:57:00+00:00,766.1593461698775
2016-12-30 13:58:00+00:00,778.5819494038955
2016-12-30 13:59:00+00:00,807.8102730446775
2016-12-30 14:00:00+00:00,811.4972608684758
2016-12-30 14:01:00+00:00,793.3566280439715
2016-12-30 14:02:00+00:00,788.0836901660633
2016-12-30 14:03:00+00:00,798.9944762480228
2016-12-30 14:04:00+00:00,798.996139253616
2016-12-30 14:05:00+00:00,798.4728826758388
2016-12-30 14:06:00+00:00,787.5856920648674
2016-12-30 14:07:00+00:00,772.8438988306209
2016-12-30 14:08:00+00:00,776.5128549331159
2016-12-30 14:09:00+00:00,779.9630130359585
2016-12-30 14:10:00+00:00,897.4555477307701
2016-12-30 14:11:00+00:00,868.4144889715509
2016-12-30 14:12:00+00:00,879.2357731877481
2016-12-30 14:13:00+00:00,879.285297176568
2016-12-30 14:14:00+00:00,905.322153527526
2016-12-30 14:15:00+00:00,911.7922040057856
2016-12-30 14:16:00+00:00,935.2249409032922
2016-12-30 14:17:00+00:00,942.5695610769617
2016-12-30 14:18:00+00:00,921.2189732799675
2016-12-30 14:19:00+00:00,816.5264738926033
2016-12-30 14:20:00+00:00,780.3428056848185
2016-12-30 14:21:00+00:00,1001.0056693730063
2016-12-30 14:22:00+00:00,903.4610997451806
2016-12-30 14:23:00+00:00,910.7243842162725
2016-12-30 14:24:00+00:00,805.599207111289
2016-12-30 14:25:00+00:00,915.8475640679934
2016-12-30 14:26:00+00:00,1029.3597388859473
2016-12-30 14:27:00+00:00,1169.2404078348322
2016-12-30 14:28:00+00:00,1176.3672912669138
2016-12-30 14:29:00+00:00,963.6130904501869
2016-12-30 14:30:00+00:00,850.8057525280777
2016-12-30 14:31:00+00:00,839.962527335235
2016-12-30 14:32:00+00:00,867.882607074764
2016-12-30 14:33:00+00:00,966.0933962003902
2016-12-30 14:34:00+00:00,962.6002114042473
2016-12-30 14:35:00+00:00,944.5000641840642
2016-12-30 14:36:00+00:00,862.0867830487101
2016-12-30 14:37:00+00:00,883.7080138981509
2016-12-30 14:38:00+00:00,870.6585300538369
2016-12-30 14:39:00+00:00,977.3235056129282
2016-12-30 14:40:00+00:00,1064.5443504049058
2016-12-30 14:41:00+00:00,995.4692283999244
2016-12-30 14:42:00+00:00,888.7991626104222
2016-12-30 14:43:00+00:00,885.3887683491968
2016-12-30 14:44:00+00:00,881.0550773492442
2016-12-30 14:45:00+00:00,874.0150190232883
2016-12-30 14:46:00+00:00,878.5841658280943
2016-12-30 14:47:00+00:00,867.9810624738608
2016-12-30 14:48:00+00:00,867.9810624738608
2016-12-30 14:49:00+00:00,846.3208027744278
2016-12-30 14:50:00+00:00,860.2544638640853
2016-12-30 14:51:00+00:00,852.9887974022216
2016-12-30 14:52:00+00:00,852.8015995210711
2016-12-30 14:53:00+00:00,845.655317040333
2016-12-30 14:54:00+00:00,842.052393569463
2016-12-30 14:55:00+00:00,853.0517724436083
2016-12-30 14:56:00+00:00,856.7385660774714
2016-12-30 14:57:00+00:00,841.807786802869
2016-12-30 14:58:00+00:00,834.5415913067948
2016-12-30 14:59:00+00:00,813.5370510367397
2016-12-30 15:00:00+00:00,813.518160143607
2016-12-30 15:01:00+00:00,816.8785762940238
2016-12-30 15:02:00+00:00,791.2194386007961
2016-12-30 15:03:00+00:00,822.9053533828053
2016-12-30 15:04:00+00:00,811.9515351370559
2016-12-30 15:05:00+00:00,936.3150052811753
2016-12-30 15:06:00+00:00,943.8662751051828
2016-12-30 15:07:00+00:00,940.4519225794608
2016-12-30 15:08:00+00:00,944.1410226194606
2016-12-30 15:09:00+00:00,933.1262554455149
2016-12-30 15:10:00+00:00,1038.9659606146683
2016-12-30 15:11:00+00:00,1031.6238937101723
2016-12-30 15:12:00+00:00,906.5522143102171
2016-12-30 15:13:00+00:00,895.9833775082311
2016-12-30 15:14:00+00:00,896.0556415090168
2016-12-30 15:15:00+00:00,907.6381836551175
2016-12-30 15:16:00+00:00,903.9772003443018
2016-12-30 15:17:00+00:00,904.5740025566404
2016-12-30 15:18:00+00:00,788.1752083158796
2016-12-30 15:19:00+00:00,788.1466153790077
2016-12-30 15:20:00+00:00,821.249032567272
2016-12-30 15:21:00+00:00,817.2889254970063
2016-12-30 15:22:00+00:00,795.2960862377219
2016-12-30 15:23:00+00:00,902.1970938531811
2016-12-30 15:24:00+00:00,901.6657404681908
2016-12-30 15:25:00+00:00,883.300340718483
2016-12-30 15:26:00+00:00,904.9094679675039
2016-12-30 15:27:00+00:00,797.8359296132705
2016-12-30 15:28:00+00:00,808.6291521877529
2016-12-30 15:29:00+00:00,791.1485232399477
2016-12-30 15:30:00+00:00,787.5824061347623
2016-12-30 15:31:00+00:00,809.0233568252661
2016-12-30 15:32:00+00:00,802.2655341034862
2016-12-30 15:33:00+00:00,787.6409119508788
2016-12-30 15:34:00+00:00,925.3104172326164
2016-12-30 15:35:00+00:00,921.6814516810958
2016-12-30 15:36:00+00:00,936.3184318073037
2016-12-30 15:37:00+00:00,954.5140982707098
2016-12-30 15:38:00+00:00,820.8037311552873
2016-12-30 15:39:00+00:00,823.5504055115736
2016-12-30 15:40:00+00:00,827.4975705806554
2016-12-30 15:41:00+00:00,838.2425270044583
2016-12-30 15:42:00+00:00,834.6274965365102
2016-12-30 15:43:00+00:00,933.7874826249252
2016-12-30 15:44:00+00:00,940.4493122984168
2016-12-30 15:45:00+00:00,933.0980591426619
2016-12-30 15:46:00+00:00,947.1112839452376
2016-12-30 15:47:00+00:00,848.1060478694376
2016-12-30 15:48:00+00:00,840.8355905653152
2016-12-30 15:49:00+00:00,853.8225751365708
2016-12-30 15:50:00+00:00,894.4193147947451
2016-12-30 15:51:00+00:00,885.0002505226939
2016-12-30 15:52:00+00:00,874.9340795266351
2016-12-30 15:53:00+00:00,865.7335658613092
2016-12-30 15:54:00+00:00,1071.4499913136096
2016-12-30 15:55:00+00:00,1058.6034790409562
2016-12-30 15:56:00+00:00,967.9109793092683
2016-12-30 15:57:00+00:00,948.8457430788732
2016-12-30 15:58:00+00:00,1026.48890691796
2016-12-30 15:59:00+00:00,1005.7311066979453
2016-12-30 16:00:00+00:00,1113.980859973788
2016-12-30 16:01:00+00:00,1043.9762875541646
2016-12-30 16:02:00+00:00,1048.176831503629
2016-12-30 16:03:00+00:00,966.4059407673187
2016-12-30 16:04:00+00:00,966.4608607371296
2016-12-30 16:05:00+00:00,993.7188236717585
2016-12-30 16:06:00+00:00,1008.1165040964477
2016-12-30 16:07:00+00:00,998.7629971498739
2016-12-30 16:08:00+00:00,1008.4353683086866
2016-12-30 16:09:00+00:00,908.6726427170368
2016-12-30 16:10:00+00:00,919.1299285218689
2016-12-30 16:11:00+00:00,954.0983763520383
2016-12-30 16:12:00+00:00,929.3653441426763
2016-12-30 16:13:00+00:00,1014.1439628058519
2016-12-30 16:14:00+00:00,992.6579101653044
2016-12-30 16:15:00+00:00,1178.8324843333278
2016-12-30 16:16:00+00:00,1071.952608993167
2016-12-30 16:17:00+00:00,1181.779441147243
2016-12-30 16:18:00+00:00,1185.3821157311359
2016-12-30 16:19:00+00:00,1091.5909258980912
2016-12-30 16:20:00+00:00,851.7529757139841
2016-12-30 16:21:00+00:00,833.7882539058155
2016-12-30 16:22:00+00:00,830.1138546687066
2016-12-30 16:23:00+00:00,815.5479436866448
2016-12-30 16:24:00+00:00,920.4322780112028
2016-12-30 16:25:00+00:00,916.6913485288794
2016-12-30 16:26:00+00:00,881.3521620376049
2016-12-30 16:27:00+00:00,978.6260441613383
2016-12-30 16:28:00+00:00,978.1060803314994
2016-12-30 16:29:00+00:00,1028.4146268022866
2016-12-30 16:30:00+00:00,1002.8569057163237
2016-12-30 16:31:00+00:00,757.9355980740411
2016-12-30 16:32:00+00:00,750.6618587948279
2016-12-30 16:33:00+00:00,849.6848287851714
2016-12-30 16:34:00+00:00,842.7920983866858
2016-12-30 16:35:00+00:00,852.127618247551
2016-12-30 16:36:00+00:00,842.1405403434451
2016-12-30 16:37:00+00:00,849.2138340228664
2016-12-30 16:38:00+00:00,764.6579530093458
2016-12-30 16:39:00+00:00,786.7084881004665
2016-12-30 16:40:00+00:00,803.2596459503028
2016-12-30 16:41:00+00:00,814.2328534594174
2016-12-30 16:42:00+00:00,806.9266761559948
2016-12-30 16:43:00+00:00,814.6150708913742
2016-12-30 16:44:00+00:00,920.8856586047879
2016-12-30 16:45:00+00:00,1004.4121074292752
2016-12-30 16:46:00+00:00,1025.7156757289756
2016-12-30 16:47:00+00:00,881.6625826707536
2016-12-30 16:48:00+00:00,874.333119474032
2016-12-30 16:49:00+00:00,881.498630334272
2016-12-30 16:50:00+00:00,776.4565872573505
2016-12-30 16:51:00+00:00,754.9023551087771
2016-12-30 16:52:00+00:00,769.4330517878082
2016-12-30 16:53:00+00:00,870.4300385706049
2016-12-30 16:54:00+00:00,927.6178924629736
2016-12-30 16:55:00+00:00,750.5033219314278
2016-12-30 16:56:00+00:00,945.5093567278972
2016-12-30 16:57:00+00:00,938.319546179902
2016-12-30 16:58:00+00:00,864.6640366128343
2016-12-30 16:59:00+00:00,861.002016492543
2016-12-30 17:00:00+00:00,783.6435909460333
2016-12-30 17:01:00+00:00,864.8593698384931
2016-12-30 17:02:00+00:00,857.4902624851229
2016-12-30 17:03:00+00:00,871.5842614870973
2016-12-30 17:04:00+00:00,886.1916941926747
2016-12-30 17:05:00+00:00,791.1624061672792
2016-12-30 17:06:00+00:00,776.4628678140057
2016-12-30 17:07:00+00:00,871.4384907737102
2016-12-30 17:08:00+00:00,877.6752791750953
2016-12-30 17:09:00+00:00,866.3129593628087
2016-12-30 17:10:00+00:00,837.2464890044605
2016-12-30 17:11:00+00:00,742.4829018370943
2016-12-30 17:12:00+00:00,760.6251148294962
2016-12-30 17:13:00+00:00,753.1926632799722
2016-12-30 17:14:00+00:00,838.6959772761408
2016-12-30 17:15:00+00:00,842.0765284567175
2016-12-30 17:16:00+00:00,994.6815339523347
2016-12-30 17:17:00+00:00,991.1465899341083
2016-12-30 17:18:00+00:00,1090.9001114587045
2016-12-30 17:19:00+00:00,995.8766232700899
2016-12-30 17:20:00+00:00,804.4124548652816
2016-12-30 17:21:00+00:00,789.8122109380404
2016-12-30 17:22:00+00:00,785.9310329210194
2016-12-30 17:23:00+00:00,789.8742464632408
2016-12-30 17:24:00+00:00,782.2577731397361
2016-12-30 17:25:00+00:00,810.4915627221333
2016-12-30 17:26:00+00:00,803.3994382460248
2016-12-30 17:27:00+00:00,803.694827842107
2016-12-30 17:28:00+00:00,814.5128820012214
2016-12-30 17:29:00+00:00,903.6019592822678
2016-12-30 17:30:00+00:00,992.4784951111421
2016-12-30 17:31:00+00:00,863.9114137891164
2016-12-30 17:32:00+00:00,860.8931256139986
2016-12-30 17:33:00+00:00,764.7389488995727
2016-12-30 17:34:00+00:00,753.683583345965
2016-12-30 17:35:00+00:00,746.3774360261799
2016-12-30 17:36:00+00:00,739.9261345374224
2016-12-30 17:37:00+00:00,732.7128834393556
2016-12-30 17:38:00+00:00,729.4305508959598
2016-12-30 17:39:00+00:00,722.417160819039
2016-12-30 17:40:00+00:00,722.3425699948576
2016-12-30 17:41:00+00:00,736.7838541594897
2016-12-30 17:42:00+00:00,740.5415399691135
2016-12-30 17:43:00+00:00,740.2828947436778
2016-12-30 17:44:00+00:00,754.9595300732436
2016-12-30 17:45:00+00:00,865.7827585065604
2016-12-30 17:46:00+00:00,955.6117842006354
2016-12-30 17:47:00+00:00,863.0385831176111
2016-12-30 17:48:00+00:00,936.0632687390074
2016-12-30 17:49:00+00:00,943.0580582330756
2016-12-30 17:50:00+00:00,873.5238365034621
2016-12-30 17:51:00+00:00,1030.7190562742064
2016-12-30 17:52:00+00:00,908.4960039294269
2016-12-30 17:53:00+00:00,882.7689155775533
2016-12-30 17:54:00+00:00,890.1333772850327
2016-12-30 17:55:00+00:00,873.0517085570332
2016-12-30 17:56:00+00:00,871.7848656743012
2016-12-30 17:57:00+00:00,975.0537356263062
2016-12-30 17:58:00+00:00,971.5830568929308
2016-12-30 17:59:00+00:00,968.9918433585493
2016-12-30 18:00:00+00:00,870.1957618756775
2016-12-30 18:01:00+00:00,849.6017274144596
2016-12-30 18:02:00+00:00,735.3319336822666
2016-12-30 18:03:00+00:00,771.3517823651805
2016-12-30 18:04:00+00:00,868.4135280770919
2016-12-30 18:05:00+00:00,890.0298557341955
2016-12-30 18:06:00+00:00,814.1742144189129
2016-12-30 18:07:00+00:00,804.5741101773133
2016-12-30 18:08:00+00:00,808.2970895537417
2016-12-30 18:09:00+00:00,807.5912962821486
2016-12-30 18:10:00+00:00,786.0528202605344
2016-12-30 18:11:00+00:00,989.3901603688059
2016-12-30 18:12:00+00:00,998.2846602846157
2016-12-30 18:13:00+00:00,1102.3737201542422
2016-12-30 18:14:00+00:00,1003.4977530345182
2016-12-30 18:15:00+00:00,1086.9078306265303
2016-12-30 18:16:00+00:00,894.8141555829643
2016-12-30 18:17:00+00:00,887.8299325448385
2016-12-30 18:18:00+00:00,894.7566904370066
2016-12-30 18:19:00+00:00,870.1343044516892
2016-12-30 18:20:00+00:00,853.3072297035939
2016-12-30 18:21:00+00:00,959.5346937217585
2016-12-30 18:22:00+00:00,839.8171570083276
2016-12-30 18:23:00+00:00,843.2906461116733
2016-12-30 18:24:00+00:00,735.0321631489275
2016-12-30 18:25:00+00:00,735.0518105363342
2016-12-30 18:26:00+00:00,746.0062528188021
2016-12-30 18:27:00+00:00,835.7765000404997
2016-12-30 18:28:00+00:00,857.2224560753042
2016-12-30 18:29:00+00:00,832.5906459281875
2016-12-30 18:30:00+00:00,746.5256424046789
2016-12-30 18:31:00+00:00,746.5172256301527
2016-12-30 18:32:00+00:00,760.883589144217
2016-12-30 18:33:00+00:00,749.9363708335125
2016-12-30 18:34:00+00:00,724.266082393692
2016-12-30 18:35:00+00:00,749.2333956904298
2016-12-30 18:36:00+00:00,749.2258099768629
2016-12-30 18:37:00+00:00,756.5114551566336
2016-12-30 18:38:00+00:00,745.7800618603726
2016-12-30 18:39:00+00:00,727.5941649115094
2016-12-30 18:40:00+00:00,745.3586680027996
2016-12-30 18:41:00+00:00,831.0430014144385
2016-12-30 18:42:00+00:00,854.5574119786546
2016-12-30 18:43:00+00:00,862.1015624254261
2016-12-30 18:44:00+00:00,855.7249226236324
2016-12-30 18:45:00+00:00,859.1306121686027
2016-12-30 18:46:00+00:00,752.1403410219896
2016-12-30 18:47:00+00:00,934.4809918714586
2016-12-30 18:48:00+00:00,948.6182703908643
2016-12-30 18:49:00+00:00,859.7326568328151
2016-12-30 18:50:00+00:00,900.9614757253951
2016-12-30 18:51:00+00:00,900.8748293414426
2016-12-30 18:52:00+00:00,915.02214083951
2016-12-30 18:53:00+00:00,825.5512108374859
2016-12-30 18:54:00+00:00,818.7565288015804
2016-12-30 18:55:00+00:00,837.0033896088029
2016-12-30 18:56:00+00:00,825.9363036812883
2016-12-30 18:57:00+00:00,910.7017576004479
2016-12-30 18:58:00+00:00,921.4098175728822
2016-12-30 18:59:00+00:00,943.0125610380072
2016-12-30 19:00:00+00:00,1194.7181300242953
2016-12-30 19:01:00+00:00,992.2605712529584
2016-12-30 19:02:00+00:00,903.3922826709965
2016-12-30 19:03:00+00:00,908.7443542409717
2016-12-30 19:04:00+00:00,816.7384287761381
2016-12-30 19:05:00+00:00,798.4684509471703
2016-12-30 19:06:00+00:00,800.3844533883084
2016-12-30 19:07:00+00:00,782.5774900441385
2016-12-30 19:08:00+00:00,892.6762832103332
2016-12-30 19:09:00+00:00,892.6536032019098
2016-12-30 19:10:00+00:00,907.097204550368
2016-12-30 19:11:00+00:00,908.4429623482866
2016-12-30 19:12:00+00:00,915.7955069541798
2016-12-30 19:13:00+00:00,911.0327757398202
2016-12-30 19:14:00+00:00,826.6510199309163
2016-12-30 19:15:00+00:00,837.341941872802
2016-12-30 19:16:00+00:00,833.7197367327625
2016-12-30 19:17:00+00:00,818.8589442371866
2016-12-30 19:18:00+00:00,815.311623040758
2016-12-30 19:19:00+00:00,790.7387409608673
2016-12-30 19:20:00+00:00,794.4530540506709
2016-12-30 19:21:00+00:00,791.0131613028972
2016-12-30 19:22:00+00:00,921.9194909209701
2016-12-30 19:23:00+00:00,907.1351074396633
2016-12-30 19:24:00+00:00,888.8953997613522
2016-12-30 19:25:00+00:00,1074.9506596512974
2016-12-30 19:26:00+00:00,947.455805402788
2016-12-30 19:27:00+00:00,936.9054921794609
2016-12-30 19:28:00+00:00,926.2284109856964
2016-12-30 19:29:00+00:00,935.350137395646
2016-12-30 19:30:00+00:00,762.025366053598
2016-12-30 19:31:00+00:00,874.8879001698235
2016-12-30 19:32:00+00:00,867.5089145070482
2016-12-30 19:33:00+00:00,881.7600406584248
2016-12-30 19:34:00+00:00,963.4064005498433
2016-12-30 19:35:00+00:00,956.1914631551466
2016-12-30 19:36:00+00:00,775.8829561087853
2016-12-30 19:37:00+00:00,772.2022326076498
2016-12-30 19:38:00+00:00,872.0322875965787
2016-12-30 19:39:00+00:00,868.347531939453
2016-12-30 19:40:00+00:00,835.7322905517417
2016-12-30 19:41:00+00:00,835.7158770035729
2016-12-30 19:42:00+00:00,853.800253842902
2016-12-30 19:43:00+00:00,728.8178975937926
2016-12-30 19:44:00+00:00,703.3705191094897
2016-12-30 19:45:00+00:00,710.3692428605399
2016-12-30 19:46:00+00:00,698.6936639863542
2016-12-30 19:47:00+00:00,701.4777403862602
2016-12-30 19:48:00+00:00,712.2971963745086
2016-12-30 19:49:00+00:00,698.2726267849525
2016-12-30 19:50:00+00:00,708.914793144584
2016-12-30 19:51:00+00:00,698.8328900525592
2016-12-30 19:52:00+00:00,694.5370518463012
2016-12-30 19:53:00+00:00,700.882972354992
2016-12-30 19:54:00+00:00,704.5745219353772
2016-12-30 19:55:00+00:00,718.4772362394422
2016-12-30 19:56:00+00:00,714.8444108227736
2016-12-30 19:57:00+00:00,703.8916608537207
2016-12-30 19:58:00+00:00,686.3255343444912
2016-12-30 19:59:00+00:00,692.1247439910534
2016-12-30 20:00:00+00:00,671.8106332731596
2016-12-30 20:01:00+00:00,668.2586038546804
2016-12-30 20:02:00+00:00,657.7333714295306
2016-12-30 20:03:00+00:00,629.5587124514615
2016-12-30 20:04:00+00:00,607.5144336764121
2016-12-30 20:05:00+00:00,614.8659127747077
2016-12-30 20:06:00+00:00,604.5823303156303
2016-12-30 20:07:00+00:00,691.641408818142
2016-12-30 20:08:00+00:00,601.2406850167439
2016-12-30 20:09:00+00:00,604.9573773360232
2016-12-30 20:10:00+00:00,601.2867444583577
2016-12-30 20:11:00+00:00,590.3141843028143
2016-12-30 20:12:00+00:00,583.0222524964278
2016-12-30 20:13:00+00:00,561.2367740130146
2016-12-30 20:14:00+00:00,546.6589930240203
2016-12-30 20:15:00+00:00,543.0210207466522
2016-12-30 20:16:00+00:00,532.0589709235759
2016-12-30 20:17:00+00:00,546.1752358881712
2016-12-30 20:18:00+00:00,557.0523964137179
2016-12-30 20:19:00+00:00,557.0523964137179
2016-12-30 20:20:00+00:00,563.8705861667576
2016-12-30 20:21:00+00:00,563.7171591576088
2016-12-30 20:22:00+00:00,542.5087901508135
2016-12-30 20:23:00+00:00,524.2461015989682
2016-12-30 20:24:00+00:00,524.2697960575045
2016-12-30 20:25:00+00:00,535.2697960575045
2016-12-30 20:26:00+00:00,527.8611178833944
2016-12-30 20:27:00+00:00,513.4238203456232
2016-12-30 20:28:00+00:00,495.4103777504834
2016-12-30 20:29:00+00:00,594.1975207713734
2016-12-30 20:30:00+00:00,495.41935833194583
2016-12-30 20:31:00+00:00,477.14530666823265
2016-12-30 20:32:00+00:00,458.8229101091407
2016-12-30 20:33:00+00:00,462.4251147674896
2016-12-30 20:34:00+00:00,451.39646995949994
2016-12-30 20:35:00+00:00,454.7824352275593
2016-12-30 20:36:00+00:00,451.1966324221333
2016-12-30 20:37:00+00:00,451.1966324221333
2016-12-30 20:38:00+00:00,451.29162769315496
2016-12-30 20:39:00+00:00,447.62775822409503
2016-12-30 20:40:00+00:00,440.26339491072605
2016-12-30 20:41:00+00:00,447.56781578451614
2016-12-30 20:42:00+00:00,443.8988395253072
2016-12-30 20:43:00+00:00,432.8308621228551
2016-12-30 20:44:00+00:00,436.52259973561
2016-12-30 20:45:00+00:00,436.503802284959
2016-12-30 20:46:00+00:00,440.166961697357
2016-12-30 20:47:00+00:00,429.3061387186437
2016-12-30 20:48:00+00:00,440.24903281412946
2016-12-30 20:49:00+00:00,443.9458670210791
2016-12-30 20:50:00+00:00,447.63943908335114
2016-12-30 20:51:00+00:00,630.3496303768977
2016-12-30 20:52:00+00:00,545.381133033534
2016-12-30 20:53:00+00:00,556.3763077622652
2016-12-30 20:54:00+00:00,520.2311326130805
2016-12-30 20:55:00+00:00,523.8534915250647
2016-12-30 20:56:00+00:00,433.3387191204036
2016-12-30 20:57:00+00:00,549.5357046289953
2016-12-30 20:58:00+00:00,545.8357992890724
2016-12-30 20:59:00+00:00,549.4827437353891
2016-12-30 21:00:00+00:00,429.71935838647556
2016-12-30 21:01:00+00:00,436.1795129407358
2016-12-30 21:02:00+00:00,446.9162936829188
2016-12-30 21:03:00+00:00,439.4645347326057
2016-12-30 21:04:00+00:00,435.8540899445818
2016-12-30 21:05:00+00:00,424.79147337701517
2016-12-30 21:06:00+00:00,419.3376606898525
2016-12-30 21:07:00+00:00,423.01045673354486
2016-12-30 21:08:00+00:00,402.92335412878936
2016-12-30 21:09:00+00:00,395.555232449259
2016-12-30 21:10:00+00:00,385.4078485825153
2016-12-30 21:11:00+00:00,389.0630373346592
2016-12-30 21:12:00+00:00,481.0377237166393
2016-12-30 21:13:00+00:00,477.3706680884156
2016-12-30 21:14:00+00:00,473.6780533955747
2016-12-30 21:15:00+00:00,448.2860410988232
2016-12-30 21:16:00+00:00,448.2860410988232
2016-12-30 21:17:00+00:00,445.1165899923118
2016-12-30 21:18:00+00:00,459.20822823531415
2016-12-30 21:19:00+00:00,472.101584595767
2016-12-30 21:20:00+00:00,459.17126627941906
2016-12-30 21:21:00+00:00,348.5137756302806
2016-12-30 21:22:00+00:00,355.0894790395244
2016-12-30 21:23:00+00:00,369.58206798170244
2016-12-30 21:24:00+00:00,359.32653707720635
2016-12-30 21:25:00+00:00,341.47746100888764
2016-12-30 21:26:00+00:00,354.69756649442934
2016-12-30 21:27:00+00:00,347.32516889999994
2016-12-30 21:28:00+00:00,357.07905466322296
2016-12-30 21:29:00+00:00,360.68887708988433
2016-12-30 21:30:00+00:00,375.1390384068575
2016-12-30 21:31:00+00:00,367.56078314007584
2016-12-30 21:32:00+00:00,475.38995973514847
2016-12-30 21:33:00+00:00,486.44135195738767
2016-12-30 21:34:00+00:00,537.5017030924894
2016-12-30 21:35:00+00:00,495.2733024569332
2016-12-30 21:36:00+00:00,522.0325986764021
2016-12-30 21:37:00+00:00,542.6311684221522
2016-12-30 21:38:00+00:00,644.8388914095831
2016-12-30 21:39:00+00:00,631.4975104963692
2016-12-30 21:40:00+00:00,798.6322736211566
2016-12-30 21:41:00+00:00,597.9889234646444
2016-12-30 21:42:00+00:00,487.32105778948255
2016-12-30 21:43:00+00:00,476.4616502974787
2016-12-30 21:44:00+00:00,377.96165659876556
2016-12-30 21:45:00+00:00,370.5747308428518
2016-12-30 21:46:00+00:00,385.1746157951734
2016-12-30 21:47:00+00:00,363.182921406697
2016-12-30 21:48:00+00:00,372.85702624340394
2016-12-30 21:49:00+00:00,390.95373611841654
2016-12-30 21:50:00+00:00,394.442389986058
2016-12-30 21:51:00+00:00,398.0614436718955
2016-12-30 21:52:00+00:00,390.6270276696898
2016-12-30 21:53:00+00:00,377.3740921739029
2016-12-30 21:54:00+00:00,393.67522647700406
2016-12-30 21:55:00+00:00,524.3004084647113
2016-12-30 21:56:00+00:00,436.88578188975964
2016-12-30 21:57:00+00:00,440.549651887766
2016-12-30 21:58:00+00:00,457.73365932265295
2016-12-30 21:59:00+00:00,443.9620471206451
2016-12-30 22:00:00+00:00,447.5099777543994
2016-12-30 22:01:00+00:00,457.8753683454819
2016-12-30 22:02:00+00:00,479.20407464415064
2016-12-30 22:03:00+00:00,486.44240379178456
2016-12-30 22:04:00+00:00,475.7980910490009
2016-12-30 22:05:00+00:00,472.16103674324876
2016-12-30 22:06:00+00:00,467.0595381502363
2016-12-30 22:07:00+00:00,459.4620659130608
2016-12-30 22:08:00+00:00,445.51269870335756
2016-12-30 22:09:00+00:00,439.07683219905084
2016-12-30 22:10:00+00:00,438.6741748605636
2016-12-30 22:11:00+00:00,419.0646976141279
2016-12-30 22:12:00+00:00,416.00962811364144
2016-12-30 22:13:00+00:00,415.9352940404468
2016-12-30 22:14:00+00:00,418.7960133797068
2016-12-30 22:15:00+00:00,429.3274538434485
2016-12-30 22:16:00+00:00,527.0477633390769
2016-12-30 22:17:00+00:00,620.3050765761067
2016-12-30 22:18:00+00:00,603.1172816723536
2016-12-30 22:19:00+00:00,552.6267508348832
2016-12-30 22:20:00+00:00,471.55443359961595
2016-12-30 22:21:00+00:00,416.8706572103619
2016-12-30 22:22:00+00:00,409.67554759128865
2016-12-30 22:23:00+00:00,474.98991405431275
2016-12-30 22:24:00+00:00,388.17343610369306
2016-12-30 22:25:00+00:00,429.5680256707539
2016-12-30 22:26:00+00:00,448.8313668067767
2016-12-30 22:27:00+00:00,452.4694617591294
2016-12-30 22:28:00+00:00,431.74472738099325
2016-12-30 22:29:00+00:00,446.3596185914117
2016-12-30 22:30:00+00:00,439.0715406634858
2016-12-30 22:31:00+00:00,435.4092349545784
2016-12-30 22:32:00+00:00,445.1577303842706
2016-12-30 22:33:00+00:00,445.5751314643495
2016-12-30 22:34:00+00:00,429.97743120235856
2016-12-30 22:35:00+00:00,429.97743120235856
2016-12-30 22:36:00+00:00,450.48159914804415
2016-12-30 22:37:00+00:00,453.98388657625395
2016-12-30 22:38:00+00:00,449.39119486777025
2016-12-30 22:39:00+00:00,440.9418509030507
2016-12-30 22:40:00+00:00,436.39306481267334
2016-12-30 22:41:00+00:00,432.8581334928982
2016-12-30 22:42:00+00:00,442.7983107827867
2016-12-30 22:43:00+00:00,450.18298318237174
2016-12-30 22:44:00+00:00,456.59495742147783
2016-12-30 22:45:00+00:00,463.726440402482
2016-12-30 22:46:00+00:00,443.00375086595244
2016-12-30 22:47:00+00:00,597.9376735410011
2016-12-30 22:48:00+00:00,450.58275366163826
2016-12-30 22:49:00+00:00,422.23812286301904
2016-12-30 22:50:00+00:00,436.29075718851504
2016-12-30 22:51:00+00:00,444.7902468620126
2016-12-30 22:52:00+00:00,448.30038774545375
2016-12-30 22:53:00+00:00,437.3039615150721
2016-12-30 22:54:00+00:00,415.9813510328525
2016-12-30 22:55:00+00:00,412.3900623264641
2016-12-30 22:56:00+00:00,487.85851931775846
2016-12-30 22:57:00+00:00,526.8124552941357
2016-12-30 22:58:00+00:00,420.81434657081826
2016-12-30 22:59:00+00:00,428.22840595013616
2016-12-30 23:00:00+00:00,429.3580263417896
2016-12-30 23:01:00+00:00,425.61785743517714
2016-12-30 23:02:00+00:00,428.23939604321174
2016-12-30 23:03:00+00:00,420.9488224692994
2016-12-30 23:04:00+00:00,516.3319147747839
2016-12-30 23:05:00+00:00,513.7423804091618
2016-12-30 23:06:00+00:00,514.893854287162
2016-12-30 23:07:00+00:00,486.8053630692311
2016-12-30 23:08:00+00:00,545.8662693951962
2016-12-30 23:09:00+00:00,477.6162842436061
2016-12-30 23:10:00+00:00,394.5479118835655
2016-12-30 23:11:00+00:00,375.3368936972803
2016-12-30 23:12:00+00:00,361.2825157790958
2016-12-30 23:13:00+00:00,372.2811707270802
2016-12-30 23:14:00+00:00,451.031823283954
2016-12-30 23:15:00+00:00,360.3700505942073
2016-12-30 23:16:00+00:00,345.88054144119985
2016-12-30 23:17:00+00:00,363.6651673910115
2016-12-30 23:18:00+00:00,334.6969107890596
2016-12-30 23:19:00+00:00,335.11909156424696
2016-12-30 23:20:00+00:00,335.647943467523
2016-12-30 23:21:00+00:00,332.026929429169
2016-12-30 23:22:00+00:00,331.9431346635775
2016-12-30 23:23:00+00:00,339.0750064710402
2016-12-30 23:24:00+00:00,339.10306578564234
2016-12-30 23:25:00+00:00,353.15586976942933
2016-12-30 23:26:00+00:00,355.4695593851324
2016-12-30 23:27:00+00:00,367.7566195009066
2016-12-30 23:28:00+00:00,363.342431248821
2016-12-30 23:29:00+00:00,403.8593261197171
2016-12-30 23:30:00+00:00,418.45355232817303
2016-12-30 23:31:00+00:00,346.5349272502619
2016-12-30 23:32:00+00:00,430.7783071878674
2016-12-30 23:33:00+00:00,477.00683915775244
2016-12-30 23:34:00+00:00,422.50523237306606
2016-12-30 23:35:00+00:00,357.14766357175756
2016-12-30 23:36:00+00:00,439.61366620442357
2016-12-30 23:37:00+00:00,375.3583769101277
2016-12-30 23:38:00+00:00,386.2140035269472
2016-12-30 23:39:00+00:00,462.36601041187754
2016-12-30 23:40:00+00:00,358.18819406398956
2016-12-30 23:41:00+00:00,354.6892877090251
2016-12-30 23:42:00+00:00,365.6886590882177
2016-12-30 23:43:00+00:00,407.9490360537323
2016-12-30 23:44:00+00:00,337.9559315431364
2016-12-30 23:45:00+00:00,347.82771648676913
2016-12-30 23:46:00+00:00,351.1294938306666
2016-12-30 23:47:00+00:00,351.2393458977136
2016-12-30 23:48:00+00:00,372.74821167228316
2016-12-30 23:49:00+00:00,347.0879449381928
2016-12-30 23:50:00+00:00,374.13639665352594
2016-12-30 23:51:00+00:00,489.17028093232386
2016-12-30 23:52:00+00:00,367.06508502512844
2016-12-30 23:53:00+00:00,362.35384383619856
2016-12-30 23:54:00+00:00,348.11016312623366
2016-12-30 23:55:00+00:00,448.9858348395898
2016-12-30 23:56:00+00:00,474.63427805008325
2016-12-30 23:57:00+00:00,471.0867291903028
2016-12-30 23:58:00+00:00,469.193434594865
2016-12-30 23:59:00+00:00,350.86544381570343
