,Mobility Profile
2016-01-01 00:00:00+00:00,64751.168429887504
2016-01-01 00:01:00+00:00,42266.430028528455
2016-01-01 00:02:00+00:00,39827.53432158481
2016-01-01 00:03:00+00:00,60646.84035402621
2016-01-01 00:04:00+00:00,82726.8248799217
2016-01-01 00:05:00+00:00,72072.88330497281
2016-01-01 00:06:00+00:00,60074.45022343381
2016-01-01 00:07:00+00:00,71923.00583390186
2016-01-01 00:08:00+00:00,71923.01154115186
2016-01-01 00:09:00+00:00,61867.20375492486
2016-01-01 00:10:00+00:00,44334.92696939568
2016-01-01 00:11:00+00:00,33929.30604931397
2016-01-01 00:12:00+00:00,11849.334079368298
2016-01-01 00:13:00+00:00,11849.3363622683
2016-01-01 00:14:00+00:00,0.7921663000000007
2016-01-01 00:15:00+00:00,8142.455047386475
2016-01-01 00:16:00+00:00,21172.570782372048
2016-01-01 00:17:00+00:00,21172.57420672205
2016-01-01 00:18:00+00:00,38607.18949192745
2016-01-01 00:19:00+00:00,38607.19177482744
2016-01-01 00:20:00+00:00,47471.160998053005
2016-01-01 00:21:00+00:00,56359.02129908897
2016-01-01 00:22:00+00:00,56359.02586488897
2016-01-01 00:23:00+00:00,58310.69200435598
2016-01-01 00:24:00+00:00,58310.69200435598
2016-01-01 00:25:00+00:00,66153.57884467363
2016-01-01 00:26:00+00:00,54874.398251239945
2016-01-01 00:27:00+00:00,46010.433593814385
2016-01-01 00:28:00+00:00,57577.56140465634
2016-01-01 00:29:00+00:00,57577.56140465634
2016-01-01 00:30:00+00:00,61009.249672286256
2016-01-01 00:31:00+00:00,61945.10661821263
2016-01-01 00:32:00+00:00,100432.23283980954
2016-01-01 00:33:00+00:00,126677.29892462918
2016-01-01 00:34:00+00:00,143367.0318495732
2016-01-01 00:35:00+00:00,131799.90403873133
2016-01-01 00:36:00+00:00,123957.01719841368
2016-01-01 00:37:00+00:00,132511.9777130399
2016-01-01 00:38:00+00:00,120192.43256872376
2016-01-01 00:39:00+00:00,116773.72974533468
2016-01-01 00:40:00+00:00,95626.83093531577
2016-01-01 00:41:00+00:00,83110.98010520618
2016-01-01 00:42:00+00:00,70751.80631825571
2016-01-01 00:43:00+00:00,63959.619801951994
2016-01-01 00:44:00+00:00,57904.84138961737
2016-01-01 00:45:00+00:00,88563.29549030813
2016-01-01 00:46:00+00:00,98999.7366721306
2016-01-01 00:47:00+00:00,127091.7731127646
2016-01-01 00:48:00+00:00,117370.8229162364
2016-01-01 00:49:00+00:00,115976.07639613049
2016-01-01 00:50:00+00:00,117226.87396565039
2016-01-01 00:51:00+00:00,109780.41711330677
2016-01-01 00:52:00+00:00,119594.3549380704
2016-01-01 00:53:00+00:00,119594.3549380704
2016-01-01 00:54:00+00:00,109164.01690687664
2016-01-01 00:55:00+00:00,100189.64321086682
2016-01-01 00:56:00+00:00,106685.09482506754
2016-01-01 00:57:00+00:00,97284.8175517516
2016-01-01 00:58:00+00:00,110483.77226002338
2016-01-01 00:59:00+00:00,99831.15342447882
2016-01-01 01:00:00+00:00,89663.84027392152
2016-01-01 01:01:00+00:00,89583.71664425803
2016-01-01 01:02:00+00:00,105682.1259153216
2016-01-01 01:03:00+00:00,96514.80600294506
2016-01-01 01:04:00+00:00,96514.80600294506
2016-01-01 01:05:00+00:00,81325.15869490647
2016-01-01 01:06:00+00:00,61400.27424077882
2016-01-01 01:07:00+00:00,72243.56834306261
2016-01-01 01:08:00+00:00,81722.08010166537
2016-01-01 01:09:00+00:00,107675.07462613758
2016-01-01 01:10:00+00:00,110115.02788721921
2016-01-01 01:11:00+00:00,84135.76531529198
2016-01-01 01:12:00+00:00,87120.87384363987
2016-01-01 01:13:00+00:00,77515.43872275177
2016-01-01 01:14:00+00:00,77515.43872275177
2016-01-01 01:15:00+00:00,91596.9194055143
2016-01-01 01:16:00+00:00,83468.79809651828
2016-01-01 01:17:00+00:00,83975.3980971988
2016-01-01 01:18:00+00:00,77467.00121409223
2016-01-01 01:19:00+00:00,78103.66272501832
2016-01-01 01:20:00+00:00,66391.96656078381
2016-01-01 01:21:00+00:00,63772.719432270096
2016-01-01 01:22:00+00:00,83392.093550196
2016-01-01 01:23:00+00:00,66445.08617387884
2016-01-01 01:24:00+00:00,74643.33244485504
2016-01-01 01:25:00+00:00,73917.50413429974
2016-01-01 01:26:00+00:00,83028.9294544853
2016-01-01 01:27:00+00:00,83028.9294544853
2016-01-01 01:28:00+00:00,87426.89428734768
2016-01-01 01:29:00+00:00,108637.69586841264
2016-01-01 01:30:00+00:00,89018.32175048674
2016-01-01 01:31:00+00:00,86798.37984039269
2016-01-01 01:32:00+00:00,71407.6058016715
2016-01-01 01:33:00+00:00,71407.6058016715
2016-01-01 01:34:00+00:00,64005.16396905751
2016-01-01 01:35:00+00:00,71821.0205979234
2016-01-01 01:36:00+00:00,71086.76580233074
2016-01-01 01:37:00+00:00,85522.92678644294
2016-01-01 01:38:00+00:00,98785.83292693809
2016-01-01 01:39:00+00:00,100909.80652175129
2016-01-01 01:40:00+00:00,115349.18290676946
2016-01-01 01:41:00+00:00,115349.18290676946
2016-01-01 01:42:00+00:00,115349.18290676946
2016-01-01 01:43:00+00:00,115349.18290676946
2016-01-01 01:44:00+00:00,96565.05934160392
2016-01-01 01:45:00+00:00,91572.90831546842
2016-01-01 01:46:00+00:00,78271.03711282148
2016-01-01 01:47:00+00:00,77005.2667404121
2016-01-01 01:48:00+00:00,73725.55913480996
2016-01-01 01:49:00+00:00,83538.88270765747
2016-01-01 01:50:00+00:00,65595.20154496314
2016-01-01 01:51:00+00:00,76712.60636858633
2016-01-01 01:52:00+00:00,88309.27562091286
2016-01-01 01:53:00+00:00,93823.22974035383
2016-01-01 01:54:00+00:00,93823.22974035383
2016-01-01 01:55:00+00:00,95351.68477774966
2016-01-01 01:56:00+00:00,100537.9422989937
2016-01-01 01:57:00+00:00,89158.19120140537
2016-01-01 01:58:00+00:00,109674.98494864034
2016-01-01 01:59:00+00:00,83478.52722816812
2016-01-01 02:00:00+00:00,95813.86250760396
2016-01-01 02:01:00+00:00,84151.46953527954
2016-01-01 02:02:00+00:00,107861.99294827737
2016-01-01 02:03:00+00:00,104939.39831980095
2016-01-01 02:04:00+00:00,108175.84193762603
2016-01-01 02:05:00+00:00,109472.11163361833
2016-01-01 02:06:00+00:00,99638.42642446072
2016-01-01 02:07:00+00:00,92007.30751955416
2016-01-01 02:08:00+00:00,88988.05689586504
2016-01-01 02:09:00+00:00,98940.8709523889
2016-01-01 02:10:00+00:00,89515.2827564537
2016-01-01 02:11:00+00:00,98048.86213411359
2016-01-01 02:12:00+00:00,63582.76497246658
2016-01-01 02:13:00+00:00,63582.76497246658
2016-01-01 02:14:00+00:00,62100.026302402875
2016-01-01 02:15:00+00:00,62100.026302402875
2016-01-01 02:16:00+00:00,62100.026302402875
2016-01-01 02:17:00+00:00,62828.048967531504
2016-01-01 02:18:00+00:00,41348.8567376094
2016-01-01 02:19:00+00:00,48952.11410735471
2016-01-01 02:20:00+00:00,48952.11410735471
2016-01-01 02:21:00+00:00,48952.11410735471
2016-01-01 02:22:00+00:00,81379.13836952187
2016-01-01 02:23:00+00:00,79263.46814419038
2016-01-01 02:24:00+00:00,80977.65100361532
2016-01-01 02:25:00+00:00,89835.55489867066
2016-01-01 02:26:00+00:00,97174.8201141975
2016-01-01 02:27:00+00:00,118971.17512688397
2016-01-01 02:28:00+00:00,99703.09682376489
2016-01-01 02:29:00+00:00,99703.09682376489
2016-01-01 02:30:00+00:00,99703.09682376489
2016-01-01 02:31:00+00:00,88974.47389528077
2016-01-01 02:32:00+00:00,67457.50078939898
2016-01-01 02:33:00+00:00,71186.7763846227
2016-01-01 02:34:00+00:00,72726.09907780733
2016-01-01 02:35:00+00:00,51604.89399142937
2016-01-01 02:36:00+00:00,51604.89399142937
2016-01-01 02:37:00+00:00,68141.59370453453
2016-01-01 02:38:00+00:00,68141.59370453453
2016-01-01 02:39:00+00:00,81295.79510424387
2016-01-01 02:40:00+00:00,96376.20756023253
2016-01-01 02:41:00+00:00,108458.7817403893
2016-01-01 02:42:00+00:00,102652.17837515725
2016-01-01 02:43:00+00:00,93621.58111074465
2016-01-01 02:44:00+00:00,93621.58111074465
2016-01-01 02:45:00+00:00,93621.58111074465
2016-01-01 02:46:00+00:00,82716.96364484222
2016-01-01 02:47:00+00:00,56643.795464396964
2016-01-01 02:48:00+00:00,48437.75541193344
2016-01-01 02:49:00+00:00,36504.32320684565
2016-01-01 02:50:00+00:00,36504.32320684565
2016-01-01 02:51:00+00:00,18385.22908647874
2016-01-01 02:52:00+00:00,22562.30217864341
2016-01-01 02:53:00+00:00,22562.30217864341
2016-01-01 02:54:00+00:00,44547.67973594481
2016-01-01 02:55:00+00:00,44547.67973594481
2016-01-01 02:56:00+00:00,44547.67973594481
2016-01-01 02:57:00+00:00,58481.85708447987
2016-01-01 02:58:00+00:00,58481.85708447987
2016-01-01 02:59:00+00:00,58481.85708447987
2016-01-01 03:00:00+00:00,70568.48048062426
2016-01-01 03:01:00+00:00,70569.71902390454
2016-01-01 03:02:00+00:00,57671.36715888144
2016-01-01 03:03:00+00:00,66683.67961198495
2016-01-01 03:04:00+00:00,68535.62525561108
2016-01-01 03:05:00+00:00,68535.62525561108
2016-01-01 03:06:00+00:00,82178.3473798054
2016-01-01 03:07:00+00:00,92560.61363056723
2016-01-01 03:08:00+00:00,80473.77810280137
2016-01-01 03:09:00+00:00,102155.0718105249
2016-01-01 03:10:00+00:00,87972.12489014801
2016-01-01 03:11:00+00:00,88581.60622917335
2016-01-01 03:12:00+00:00,74606.03699851243
2016-01-01 03:13:00+00:00,80112.99237403716
2016-01-01 03:14:00+00:00,80112.99237403716
2016-01-01 03:15:00+00:00,88772.09245793746
2016-01-01 03:16:00+00:00,98294.44223388322
2016-01-01 03:17:00+00:00,128695.43624055827
2016-01-01 03:18:00+00:00,143587.5065058188
2016-01-01 03:19:00+00:00,112829.99255483049
2016-01-01 03:20:00+00:00,114393.39230906684
2016-01-01 03:21:00+00:00,114393.39230906684
2016-01-01 03:22:00+00:00,111922.87080774171
2016-01-01 03:23:00+00:00,120525.23217074484
2016-01-01 03:24:00+00:00,111633.66164638451
2016-01-01 03:25:00+00:00,87084.7346089165
2016-01-01 03:26:00+00:00,102986.16249506957
2016-01-01 03:27:00+00:00,112930.77698559027
2016-01-01 03:28:00+00:00,103416.12013585155
2016-01-01 03:29:00+00:00,89884.81637804443
2016-01-01 03:30:00+00:00,90298.61295740528
2016-01-01 03:31:00+00:00,147916.0252994147
2016-01-01 03:32:00+00:00,145582.78478012016
2016-01-01 03:33:00+00:00,123441.43566261277
2016-01-01 03:34:00+00:00,126169.82196385166
2016-01-01 03:35:00+00:00,121923.64900015757
2016-01-01 03:36:00+00:00,130587.23717066208
2016-01-01 03:37:00+00:00,110511.1398040158
2016-01-01 03:38:00+00:00,93288.55768079366
2016-01-01 03:39:00+00:00,96219.67490293046
2016-01-01 03:40:00+00:00,84622.26801330406
2016-01-01 03:41:00+00:00,95681.05308733016
2016-01-01 03:42:00+00:00,100355.05728748754
2016-01-01 03:43:00+00:00,108806.03888876221
2016-01-01 03:44:00+00:00,100959.54903028614
2016-01-01 03:45:00+00:00,100959.54903028614
2016-01-01 03:46:00+00:00,94208.81205889086
2016-01-01 03:47:00+00:00,91767.80262605262
2016-01-01 03:48:00+00:00,90087.7564687513
2016-01-01 03:49:00+00:00,81271.17103269121
2016-01-01 03:50:00+00:00,90880.0384548365
2016-01-01 03:51:00+00:00,79821.2533808104
2016-01-01 03:52:00+00:00,79821.2533808104
2016-01-01 03:53:00+00:00,79627.57161024453
2016-01-01 03:54:00+00:00,70375.61851265767
2016-01-01 03:55:00+00:00,70375.61851265767
2016-01-01 03:56:00+00:00,93043.02466995461
2016-01-01 03:57:00+00:00,81860.53163861501
2016-01-01 03:58:00+00:00,85740.91265332699
2016-01-01 03:59:00+00:00,78554.97701013437
2016-01-01 04:00:00+00:00,69462.88997318306
2016-01-01 04:01:00+00:00,59454.29045579448
2016-01-01 04:02:00+00:00,87633.16485776677
2016-01-01 04:03:00+00:00,87747.74852711389
2016-01-01 04:04:00+00:00,113219.14186133968
2016-01-01 04:05:00+00:00,113213.59328676996
2016-01-01 04:06:00+00:00,133474.57505645195
2016-01-01 04:07:00+00:00,144365.93237559474
2016-01-01 04:08:00+00:00,151809.4747308155
2016-01-01 04:09:00+00:00,151809.4747308155
2016-01-01 04:10:00+00:00,126739.34315613341
2016-01-01 04:11:00+00:00,98560.46875416077
2016-01-01 04:12:00+00:00,95149.43701129404
2016-01-01 04:13:00+00:00,68351.40887356206
2016-01-01 04:14:00+00:00,58752.17885670481
2016-01-01 04:15:00+00:00,47987.57558697131
2016-01-01 04:16:00+00:00,69231.13918377891
2016-01-01 04:17:00+00:00,80078.25685071712
2016-01-01 04:18:00+00:00,61743.357176353704
2016-01-01 04:19:00+00:00,74080.24114713249
2016-01-01 04:20:00+00:00,85198.12788756297
2016-01-01 04:21:00+00:00,74984.6103775939
2016-01-01 04:22:00+00:00,82124.96955747607
2016-01-01 04:23:00+00:00,73698.86382675517
2016-01-01 04:24:00+00:00,86928.51556785211
2016-01-01 04:25:00+00:00,106630.04292745283
2016-01-01 04:26:00+00:00,103380.5194019153
2016-01-01 04:27:00+00:00,103759.31518129658
2016-01-01 04:28:00+00:00,103759.31518129658
2016-01-01 04:29:00+00:00,103759.31518129658
2016-01-01 04:30:00+00:00,92747.1064127788
2016-01-01 04:31:00+00:00,118909.79066767135
2016-01-01 04:32:00+00:00,88475.82062997112
2016-01-01 04:33:00+00:00,77628.98005261182
2016-01-01 04:34:00+00:00,68721.03018007962
2016-01-01 04:35:00+00:00,68721.03360130964
2016-01-01 04:36:00+00:00,50895.34266127462
2016-01-01 04:37:00+00:00,50895.34608250462
2016-01-01 04:38:00+00:00,50895.34722291462
2016-01-01 04:39:00+00:00,42644.800934920415
2016-01-01 04:40:00+00:00,27601.795315863044
2016-01-01 04:41:00+00:00,30106.531196143424
2016-01-01 04:42:00+00:00,39023.689670267864
2016-01-01 04:43:00+00:00,28495.504783475622
2016-01-01 04:44:00+00:00,28495.50022183562
2016-01-01 04:45:00+00:00,41444.43506846004
2016-01-01 04:46:00+00:00,41444.43164723005
2016-01-01 04:47:00+00:00,82969.03868890104
2016-01-01 04:48:00+00:00,104280.79598550247
2016-01-01 04:49:00+00:00,111577.75781159749
2016-01-01 04:50:00+00:00,111577.75895200748
2016-01-01 04:51:00+00:00,102660.60161829345
2016-01-01 04:52:00+00:00,103565.16806607839
2016-01-01 04:53:00+00:00,95666.23638235222
2016-01-01 04:54:00+00:00,70056.45321641886
2016-01-01 04:55:00+00:00,66889.7611788705
2016-01-01 04:56:00+00:00,69755.22735035482
2016-01-01 04:57:00+00:00,49927.94690810157
2016-01-01 04:58:00+00:00,58588.05206043822
2016-01-01 04:59:00+00:00,87458.23466155298
2016-01-01 05:00:00+00:00,97816.03945935096
2016-01-01 05:01:00+00:00,118953.26376681034
2016-01-01 05:02:00+00:00,130303.09655673464
2016-01-01 05:03:00+00:00,141878.20484490428
2016-01-01 05:04:00+00:00,133841.79225591215
2016-01-01 05:05:00+00:00,156169.9846112562
2016-01-01 05:06:00+00:00,164436.40277916664
2016-01-01 05:07:00+00:00,153868.53803114817
2016-01-01 05:08:00+00:00,145074.8979335983
2016-01-01 05:09:00+00:00,155122.94677658373
2016-01-01 05:10:00+00:00,169463.05069755105
2016-01-01 05:11:00+00:00,165898.09861202262
2016-01-01 05:12:00+00:00,154323.30141784725
2016-01-01 05:13:00+00:00,164181.51184797668
2016-01-01 05:14:00+00:00,141853.3240545523
2016-01-01 05:15:00+00:00,133586.90018424188
2016-01-01 05:16:00+00:00,133586.9001842419
2016-01-01 05:17:00+00:00,141960.06258300968
2016-01-01 05:18:00+00:00,146349.60429099502
2016-01-01 05:19:00+00:00,188008.3945461316
2016-01-01 05:20:00+00:00,189762.10774109446
2016-01-01 05:21:00+00:00,159832.01361821665
2016-01-01 05:22:00+00:00,159832.01247773666
2016-01-01 05:23:00+00:00,173981.85211489478
2016-01-01 05:24:00+00:00,173981.85211489478
2016-01-01 05:25:00+00:00,201916.29910573858
2016-01-01 05:26:00+00:00,189371.9311752458
2016-01-01 05:27:00+00:00,193306.4479429471
2016-01-01 05:28:00+00:00,203641.11433408613
2016-01-01 05:29:00+00:00,174819.25671480093
2016-01-01 05:30:00+00:00,161451.0940323447
2016-01-01 05:31:00+00:00,168970.54079312715
2016-01-01 05:32:00+00:00,178508.86449852175
2016-01-01 05:33:00+00:00,179337.8421862381
2016-01-01 05:34:00+00:00,179913.92925314748
2016-01-01 05:35:00+00:00,174247.81539434474
2016-01-01 05:36:00+00:00,195094.01622985597
2016-01-01 05:37:00+00:00,182084.13603049616
2016-01-01 05:38:00+00:00,176449.9276006259
2016-01-01 05:39:00+00:00,206045.79587481887
2016-01-01 05:40:00+00:00,202169.3009673077
2016-01-01 05:41:00+00:00,181334.7389595439
2016-01-01 05:42:00+00:00,203426.13220517634
2016-01-01 05:43:00+00:00,191643.46243657358
2016-01-01 05:44:00+00:00,189194.09840988298
2016-01-01 05:45:00+00:00,194758.35439398547
2016-01-01 05:46:00+00:00,177737.94686118342
2016-01-01 05:47:00+00:00,199398.4841086482
2016-01-01 05:48:00+00:00,199398.4818276882
2016-01-01 05:49:00+00:00,212332.43272897275
2016-01-01 05:50:00+00:00,203328.4370355356
2016-01-01 05:51:00+00:00,175807.12217187212
2016-01-01 05:52:00+00:00,167475.74550373392
2016-01-01 05:53:00+00:00,196956.072030939
2016-01-01 05:54:00+00:00,167391.89733977368
2016-01-01 05:55:00+00:00,167907.44555047466
2016-01-01 05:56:00+00:00,205579.77149186187
2016-01-01 05:57:00+00:00,213213.417419527
2016-01-01 05:58:00+00:00,213191.06167490495
2016-01-01 05:59:00+00:00,208973.53768670687
2016-01-01 06:00:00+00:00,221224.63842795303
2016-01-01 06:01:00+00:00,246499.3338198478
2016-01-01 06:02:00+00:00,227479.21037071582
2016-01-01 06:03:00+00:00,243610.041471016
2016-01-01 06:04:00+00:00,234077.25186205385
2016-01-01 06:05:00+00:00,216242.4867651127
2016-01-01 06:06:00+00:00,236001.24078721614
2016-01-01 06:07:00+00:00,252123.29105820938
2016-01-01 06:08:00+00:00,262975.411715444
2016-01-01 06:09:00+00:00,240045.56340772312
2016-01-01 06:10:00+00:00,221451.79908380457
2016-01-01 06:11:00+00:00,228456.91683192246
2016-01-01 06:12:00+00:00,249049.94477463124
2016-01-01 06:13:00+00:00,260990.48627280543
2016-01-01 06:14:00+00:00,281551.7716756204
2016-01-01 06:15:00+00:00,282067.5256973694
2016-01-01 06:16:00+00:00,293502.50482613035
2016-01-01 06:17:00+00:00,303811.77763411344
2016-01-01 06:18:00+00:00,323796.97584033
2016-01-01 06:19:00+00:00,364546.4129192585
2016-01-01 06:20:00+00:00,358714.93218510103
2016-01-01 06:21:00+00:00,380452.0719018228
2016-01-01 06:22:00+00:00,362100.5685947373
2016-01-01 06:23:00+00:00,372728.15403839597
2016-01-01 06:24:00+00:00,387264.2508877406
2016-01-01 06:25:00+00:00,360471.7190345399
2016-01-01 06:26:00+00:00,359477.11141914886
2016-01-01 06:27:00+00:00,346865.4414760116
2016-01-01 06:28:00+00:00,328359.0108398346
2016-01-01 06:29:00+00:00,314498.5216356621
2016-01-01 06:30:00+00:00,356505.1613974703
2016-01-01 06:31:00+00:00,356505.1591173503
2016-01-01 06:32:00+00:00,378450.0541158464
2016-01-01 06:33:00+00:00,378450.05069566634
2016-01-01 06:34:00+00:00,396219.273632183
2016-01-01 06:35:00+00:00,390435.5132744878
2016-01-01 06:36:00+00:00,393094.4985405407
2016-01-01 06:37:00+00:00,383591.84300841985
2016-01-01 06:38:00+00:00,368029.58983572444
2016-01-01 06:39:00+00:00,363081.9799324769
2016-01-01 06:40:00+00:00,380328.5922179225
2016-01-01 06:41:00+00:00,394475.9383208927
2016-01-01 06:42:00+00:00,385983.15970213566
2016-01-01 06:43:00+00:00,385983.1597021357
2016-01-01 06:44:00+00:00,359797.7048125996
2016-01-01 06:45:00+00:00,377880.36149522424
2016-01-01 06:46:00+00:00,371299.56205846317
2016-01-01 06:47:00+00:00,383599.2792569131
2016-01-01 06:48:00+00:00,400260.873739957
2016-01-01 06:49:00+00:00,406989.4235604057
2016-01-01 06:50:00+00:00,392713.2857843613
2016-01-01 06:51:00+00:00,390874.08668641845
2016-01-01 06:52:00+00:00,366727.9461659451
2016-01-01 06:53:00+00:00,321620.15960187843
2016-01-01 06:54:00+00:00,316766.6986739339
2016-01-01 06:55:00+00:00,330339.9451310563
2016-01-01 06:56:00+00:00,338038.9627899578
2016-01-01 06:57:00+00:00,311113.3236538985
2016-01-01 06:58:00+00:00,322876.4269536103
2016-01-01 06:59:00+00:00,336841.3666175293
2016-01-01 07:00:00+00:00,345217.09246894583
2016-01-01 07:01:00+00:00,331567.0910682192
2016-01-01 07:02:00+00:00,344200.15654776973
2016-01-01 07:03:00+00:00,386871.067825964
2016-01-01 07:04:00+00:00,411432.9164809611
2016-01-01 07:05:00+00:00,406564.3057429856
2016-01-01 07:06:00+00:00,408651.0180765841
2016-01-01 07:07:00+00:00,401028.56622112484
2016-01-01 07:08:00+00:00,381347.6987020624
2016-01-01 07:09:00+00:00,410712.39538619766
2016-01-01 07:10:00+00:00,373154.8537809068
2016-01-01 07:11:00+00:00,353959.71757744614
2016-01-01 07:12:00+00:00,364899.5358996268
2016-01-01 07:13:00+00:00,377166.89735843486
2016-01-01 07:14:00+00:00,388586.43128138204
2016-01-01 07:15:00+00:00,406824.35221110366
2016-01-01 07:16:00+00:00,406824.3488007636
2016-01-01 07:17:00+00:00,421509.8155595614
2016-01-01 07:18:00+00:00,433507.5780960346
2016-01-01 07:19:00+00:00,410723.8517447656
2016-01-01 07:20:00+00:00,405613.5638607018
2016-01-01 07:21:00+00:00,387701.2989561986
2016-01-01 07:22:00+00:00,405651.2690369648
2016-01-01 07:23:00+00:00,460722.4072407897
2016-01-01 07:24:00+00:00,458370.2314999308
2016-01-01 07:25:00+00:00,468028.8859846842
2016-01-01 07:26:00+00:00,437046.29233062355
2016-01-01 07:27:00+00:00,417536.30295480974
2016-01-01 07:28:00+00:00,390211.8073647665
2016-01-01 07:29:00+00:00,387036.95643031417
2016-01-01 07:30:00+00:00,390136.8292665168
2016-01-01 07:31:00+00:00,413213.64901797165
2016-01-01 07:32:00+00:00,393957.170279426
2016-01-01 07:33:00+00:00,404599.7645669918
2016-01-01 07:34:00+00:00,406387.15779635415
2016-01-01 07:35:00+00:00,446525.8915563434
2016-01-01 07:36:00+00:00,457286.04703122005
2016-01-01 07:37:00+00:00,450255.47097549343
2016-01-01 07:38:00+00:00,432719.61678583623
2016-01-01 07:39:00+00:00,436430.8084560925
2016-01-01 07:40:00+00:00,436430.8141399926
2016-01-01 07:41:00+00:00,440459.63774241915
2016-01-01 07:42:00+00:00,411321.1161762498
2016-01-01 07:43:00+00:00,388596.20441651734
2016-01-01 07:44:00+00:00,385498.32920641714
2016-01-01 07:45:00+00:00,358379.264080304
2016-01-01 07:46:00+00:00,366847.4194326663
2016-01-01 07:47:00+00:00,382109.86477078125
2016-01-01 07:48:00+00:00,381851.5951817045
2016-01-01 07:49:00+00:00,389539.2338259672
2016-01-01 07:50:00+00:00,375898.63841091614
2016-01-01 07:51:00+00:00,413648.49368475645
2016-01-01 07:52:00+00:00,416736.81129226007
2016-01-01 07:53:00+00:00,467753.182964581
2016-01-01 07:54:00+00:00,445636.0092395584
2016-01-01 07:55:00+00:00,464381.5760640606
2016-01-01 07:56:00+00:00,484485.40968896815
2016-01-01 07:57:00+00:00,469458.92697715847
2016-01-01 07:58:00+00:00,479567.41169426707
2016-01-01 07:59:00+00:00,499671.7492818779
2016-01-01 08:00:00+00:00,514223.28691062814
2016-01-01 08:01:00+00:00,489630.55323744
2016-01-01 08:02:00+00:00,500904.68007041333
2016-01-01 08:03:00+00:00,503040.8635815834
2016-01-01 08:04:00+00:00,488988.9746201618
2016-01-01 08:05:00+00:00,503010.84549521166
2016-01-01 08:06:00+00:00,529594.3322393958
2016-01-01 08:07:00+00:00,502369.61756777286
2016-01-01 08:08:00+00:00,498360.6181017716
2016-01-01 08:09:00+00:00,515874.35580601764
2016-01-01 08:10:00+00:00,518824.38939279655
2016-01-01 08:11:00+00:00,541339.1716969339
2016-01-01 08:12:00+00:00,531124.4281413072
2016-01-01 08:13:00+00:00,533691.532067169
2016-01-01 08:14:00+00:00,540118.1792723656
2016-01-01 08:15:00+00:00,540451.2680277076
2016-01-01 08:16:00+00:00,583244.6671012436
2016-01-01 08:17:00+00:00,591911.0336339396
2016-01-01 08:18:00+00:00,593159.2592064807
2016-01-01 08:19:00+00:00,580854.7703460839
2016-01-01 08:20:00+00:00,577303.6030623969
2016-01-01 08:21:00+00:00,595699.8867442855
2016-01-01 08:22:00+00:00,586324.7356665056
2016-01-01 08:23:00+00:00,559095.3263145639
2016-01-01 08:24:00+00:00,553054.0728954594
2016-01-01 08:25:00+00:00,560713.5845600127
2016-01-01 08:26:00+00:00,568979.4755209633
2016-01-01 08:27:00+00:00,554962.6713366879
2016-01-01 08:28:00+00:00,540680.2570665006
2016-01-01 08:29:00+00:00,554924.4509890348
2016-01-01 08:30:00+00:00,571694.7998451915
2016-01-01 08:31:00+00:00,610863.7447873144
2016-01-01 08:32:00+00:00,602641.6035821899
2016-01-01 08:33:00+00:00,613501.5623740201
2016-01-01 08:34:00+00:00,630957.7895002528
2016-01-01 08:35:00+00:00,628770.1325927156
2016-01-01 08:36:00+00:00,605867.2626939213
2016-01-01 08:37:00+00:00,613726.3306228527
2016-01-01 08:38:00+00:00,592191.0562025622
2016-01-01 08:39:00+00:00,607624.630741392
2016-01-01 08:40:00+00:00,603039.9858256107
2016-01-01 08:41:00+00:00,604615.2831353568
2016-01-01 08:42:00+00:00,584801.4163117933
2016-01-01 08:43:00+00:00,589005.1090067363
2016-01-01 08:44:00+00:00,552768.2980896622
2016-01-01 08:45:00+00:00,552824.1413158996
2016-01-01 08:46:00+00:00,550883.6182736927
2016-01-01 08:47:00+00:00,533749.6744571469
2016-01-01 08:48:00+00:00,525654.0572613215
2016-01-01 08:49:00+00:00,510981.4574680849
2016-01-01 08:50:00+00:00,507120.25401944923
2016-01-01 08:51:00+00:00,537588.8289743714
2016-01-01 08:52:00+00:00,536567.2951374019
2016-01-01 08:53:00+00:00,586391.0014413578
2016-01-01 08:54:00+00:00,587023.2945037482
2016-01-01 08:55:00+00:00,622360.9885781133
2016-01-01 08:56:00+00:00,624202.806595717
2016-01-01 08:57:00+00:00,643222.3901724345
2016-01-01 08:58:00+00:00,645814.1740362843
2016-01-01 08:59:00+00:00,628453.8729486226
2016-01-01 09:00:00+00:00,672948.0097067271
2016-01-01 09:01:00+00:00,662516.6114275495
2016-01-01 09:02:00+00:00,678564.863941558
2016-01-01 09:03:00+00:00,691571.2182009561
2016-01-01 09:04:00+00:00,692314.6268741186
2016-01-01 09:05:00+00:00,690021.0458363874
2016-01-01 09:06:00+00:00,738751.0517336273
2016-01-01 09:07:00+00:00,759928.6894637933
2016-01-01 09:08:00+00:00,746164.7103966314
2016-01-01 09:09:00+00:00,731947.7365729078
2016-01-01 09:10:00+00:00,709585.5834855929
2016-01-01 09:11:00+00:00,716752.075449805
2016-01-01 09:12:00+00:00,721035.0171191229
2016-01-01 09:13:00+00:00,719590.5713049263
2016-01-01 09:14:00+00:00,734425.555743657
2016-01-01 09:15:00+00:00,798137.4111300063
2016-01-01 09:16:00+00:00,814704.5280210406
2016-01-01 09:17:00+00:00,816720.786736168
2016-01-01 09:18:00+00:00,811135.3689595732
2016-01-01 09:19:00+00:00,808400.5763294157
2016-01-01 09:20:00+00:00,820854.3923441506
2016-01-01 09:21:00+00:00,810365.4495345926
2016-01-01 09:22:00+00:00,782044.2585386311
2016-01-01 09:23:00+00:00,775076.7091203211
2016-01-01 09:24:00+00:00,792732.0146194941
2016-01-01 09:25:00+00:00,813359.1844327047
2016-01-01 09:26:00+00:00,797694.300229637
2016-01-01 09:27:00+00:00,764635.69096919
2016-01-01 09:28:00+00:00,804485.9278854087
2016-01-01 09:29:00+00:00,787751.9395381337
2016-01-01 09:30:00+00:00,809240.4158889307
2016-01-01 09:31:00+00:00,831981.8795561284
2016-01-01 09:32:00+00:00,798579.1825142899
2016-01-01 09:33:00+00:00,773033.1018035236
2016-01-01 09:34:00+00:00,782980.7468514894
2016-01-01 09:35:00+00:00,829395.8350365041
2016-01-01 09:36:00+00:00,823569.5062065881
2016-01-01 09:37:00+00:00,856524.6017641121
2016-01-01 09:38:00+00:00,849793.391511196
2016-01-01 09:39:00+00:00,839530.2381688074
2016-01-01 09:40:00+00:00,875944.8828647102
2016-01-01 09:41:00+00:00,869796.6684488102
2016-01-01 09:42:00+00:00,882760.5251793931
2016-01-01 09:43:00+00:00,878913.4030273348
2016-01-01 09:44:00+00:00,860813.9617447226
2016-01-01 09:45:00+00:00,821265.4442842827
2016-01-01 09:46:00+00:00,827829.5750951663
2016-01-01 09:47:00+00:00,831272.9655593638
2016-01-01 09:48:00+00:00,865327.9692208411
2016-01-01 09:49:00+00:00,837011.0073586142
2016-01-01 09:50:00+00:00,807613.7300057895
2016-01-01 09:51:00+00:00,891007.748125916
2016-01-01 09:52:00+00:00,884544.064628945
2016-01-01 09:53:00+00:00,881042.0291147879
2016-01-01 09:54:00+00:00,868584.5766615202
2016-01-01 09:55:00+00:00,887711.7835778216
2016-01-01 09:56:00+00:00,883959.4107502587
2016-01-01 09:57:00+00:00,865298.980669992
2016-01-01 09:58:00+00:00,883146.2599507308
2016-01-01 09:59:00+00:00,895321.6398823858
2016-01-01 10:00:00+00:00,931118.6227422408
2016-01-01 10:01:00+00:00,918710.0805731412
2016-01-01 10:02:00+00:00,918710.2736777262
2016-01-01 10:03:00+00:00,909948.188611654
2016-01-01 10:04:00+00:00,918874.5489150233
2016-01-01 10:05:00+00:00,920380.675032946
2016-01-01 10:06:00+00:00,935536.3459060843
2016-01-01 10:07:00+00:00,972704.2431357689
2016-01-01 10:08:00+00:00,946875.2303301886
2016-01-01 10:09:00+00:00,927249.8907286776
2016-01-01 10:10:00+00:00,941420.489104981
2016-01-01 10:11:00+00:00,909819.5185044372
2016-01-01 10:12:00+00:00,904861.6083101898
2016-01-01 10:13:00+00:00,857100.0275373034
2016-01-01 10:14:00+00:00,852446.1395674753
2016-01-01 10:15:00+00:00,814931.9244953252
2016-01-01 10:16:00+00:00,790614.2168744142
2016-01-01 10:17:00+00:00,849051.4123148049
2016-01-01 10:18:00+00:00,875934.6328112693
2016-01-01 10:19:00+00:00,846968.6204623573
2016-01-01 10:20:00+00:00,838234.7655421149
2016-01-01 10:21:00+00:00,849475.2111650646
2016-01-01 10:22:00+00:00,842628.8909854451
2016-01-01 10:23:00+00:00,853917.836542342
2016-01-01 10:24:00+00:00,861340.0447379184
2016-01-01 10:25:00+00:00,884767.5865629361
2016-01-01 10:26:00+00:00,832706.6918199182
2016-01-01 10:27:00+00:00,863592.8477188622
2016-01-01 10:28:00+00:00,894749.231836554
2016-01-01 10:29:00+00:00,862531.9054132506
2016-01-01 10:30:00+00:00,806580.395775667
2016-01-01 10:31:00+00:00,801212.267375917
2016-01-01 10:32:00+00:00,808989.5683142416
2016-01-01 10:33:00+00:00,780219.7358096581
2016-01-01 10:34:00+00:00,778975.5577104082
2016-01-01 10:35:00+00:00,796195.7046834159
2016-01-01 10:36:00+00:00,789334.8261548517
2016-01-01 10:37:00+00:00,769994.6757461093
2016-01-01 10:38:00+00:00,812224.1719546936
2016-01-01 10:39:00+00:00,762912.2996695286
2016-01-01 10:40:00+00:00,761803.0182237858
2016-01-01 10:41:00+00:00,796438.7907055467
2016-01-01 10:42:00+00:00,777419.930099864
2016-01-01 10:43:00+00:00,740245.3303388519
2016-01-01 10:44:00+00:00,745958.039521223
2016-01-01 10:45:00+00:00,758400.4213904662
2016-01-01 10:46:00+00:00,756788.6474160602
2016-01-01 10:47:00+00:00,731424.8412861193
2016-01-01 10:48:00+00:00,759771.3010328879
2016-01-01 10:49:00+00:00,749325.3376885614
2016-01-01 10:50:00+00:00,719858.4286122955
2016-01-01 10:51:00+00:00,685200.0976610498
2016-01-01 10:52:00+00:00,749810.8505016379
2016-01-01 10:53:00+00:00,723780.0764173343
2016-01-01 10:54:00+00:00,725127.3905694572
2016-01-01 10:55:00+00:00,714528.4323381095
2016-01-01 10:56:00+00:00,720460.4150043417
2016-01-01 10:57:00+00:00,766350.2384671684
2016-01-01 10:58:00+00:00,727169.686918343
2016-01-01 10:59:00+00:00,720651.5819500313
2016-01-01 11:00:00+00:00,718539.5303411788
2016-01-01 11:01:00+00:00,735681.5125991767
2016-01-01 11:02:00+00:00,762942.6027953229
2016-01-01 11:03:00+00:00,800711.1101836143
2016-01-01 11:04:00+00:00,809601.2432780281
2016-01-01 11:05:00+00:00,824043.1451476845
2016-01-01 11:06:00+00:00,778240.9637800227
2016-01-01 11:07:00+00:00,736905.8325150391
2016-01-01 11:08:00+00:00,754085.9183810713
2016-01-01 11:09:00+00:00,762704.1929936953
2016-01-01 11:10:00+00:00,754167.209415365
2016-01-01 11:11:00+00:00,772238.1427264783
2016-01-01 11:12:00+00:00,748510.9365577463
2016-01-01 11:13:00+00:00,750626.4051601
2016-01-01 11:14:00+00:00,752851.117781265
2016-01-01 11:15:00+00:00,776203.7869006958
2016-01-01 11:16:00+00:00,796370.6603022743
2016-01-01 11:17:00+00:00,811662.9408916987
2016-01-01 11:18:00+00:00,817561.2588936948
2016-01-01 11:19:00+00:00,871310.7861689234
2016-01-01 11:20:00+00:00,876786.1328447117
2016-01-01 11:21:00+00:00,868523.9465525845
2016-01-01 11:22:00+00:00,869449.9427595169
2016-01-01 11:23:00+00:00,836768.1171355429
2016-01-01 11:24:00+00:00,803812.7437152559
2016-01-01 11:25:00+00:00,811559.9122413959
2016-01-01 11:26:00+00:00,838739.1636658052
2016-01-01 11:27:00+00:00,801155.8180342191
2016-01-01 11:28:00+00:00,826381.5687876563
2016-01-01 11:29:00+00:00,811128.2409038689
2016-01-01 11:30:00+00:00,792030.3252789221
2016-01-01 11:31:00+00:00,763500.8469675634
2016-01-01 11:32:00+00:00,785200.5207043905
2016-01-01 11:33:00+00:00,807818.9058819549
2016-01-01 11:34:00+00:00,797539.9507695251
2016-01-01 11:35:00+00:00,810682.0660775757
2016-01-01 11:36:00+00:00,814030.742457144
2016-01-01 11:37:00+00:00,809174.2012163675
2016-01-01 11:38:00+00:00,872623.9592418891
2016-01-01 11:39:00+00:00,848293.1688676781
2016-01-01 11:40:00+00:00,808352.0267511702
2016-01-01 11:41:00+00:00,784129.4553534626
2016-01-01 11:42:00+00:00,836679.0253979808
2016-01-01 11:43:00+00:00,792579.5454378582
2016-01-01 11:44:00+00:00,788432.3947040807
2016-01-01 11:45:00+00:00,831645.4686875126
2016-01-01 11:46:00+00:00,846032.1768491028
2016-01-01 11:47:00+00:00,847338.5301865004
2016-01-01 11:48:00+00:00,837269.8144196497
2016-01-01 11:49:00+00:00,817459.183707925
2016-01-01 11:50:00+00:00,827631.5920637295
2016-01-01 11:51:00+00:00,836375.8991797499
2016-01-01 11:52:00+00:00,854860.6008324908
2016-01-01 11:53:00+00:00,852621.7818468342
2016-01-01 11:54:00+00:00,865094.0063098742
2016-01-01 11:55:00+00:00,891179.1561210098
2016-01-01 11:56:00+00:00,882661.3713787402
2016-01-01 11:57:00+00:00,861200.8024461598
2016-01-01 11:58:00+00:00,889052.9719647871
2016-01-01 11:59:00+00:00,877535.6771410232
2016-01-01 12:00:00+00:00,871735.7643376474
2016-01-01 12:01:00+00:00,836424.7871457476
2016-01-01 12:02:00+00:00,831044.2309791275
2016-01-01 12:03:00+00:00,845183.9051876935
2016-01-01 12:04:00+00:00,815008.4068746412
2016-01-01 12:05:00+00:00,832535.9359070007
2016-01-01 12:06:00+00:00,845707.0278191308
2016-01-01 12:07:00+00:00,866341.5530332484
2016-01-01 12:08:00+00:00,846022.1640219935
2016-01-01 12:09:00+00:00,851212.6113482562
2016-01-01 12:10:00+00:00,854638.9137046526
2016-01-01 12:11:00+00:00,856996.895877492
2016-01-01 12:12:00+00:00,860786.9766348421
2016-01-01 12:13:00+00:00,855789.6300097198
2016-01-01 12:14:00+00:00,846670.4862170329
2016-01-01 12:15:00+00:00,886305.7866478199
2016-01-01 12:16:00+00:00,850318.8657261211
2016-01-01 12:17:00+00:00,878973.8299716699
2016-01-01 12:18:00+00:00,968249.3658101609
2016-01-01 12:19:00+00:00,930664.2213256827
2016-01-01 12:20:00+00:00,920520.7939549056
2016-01-01 12:21:00+00:00,921938.4814293431
2016-01-01 12:22:00+00:00,939119.1901950728
2016-01-01 12:23:00+00:00,920772.3271587896
2016-01-01 12:24:00+00:00,915618.9614651315
2016-01-01 12:25:00+00:00,910050.7329814931
2016-01-01 12:26:00+00:00,911586.6073248829
2016-01-01 12:27:00+00:00,923789.1612430512
2016-01-01 12:28:00+00:00,967461.8099306413
2016-01-01 12:29:00+00:00,910249.3838131413
2016-01-01 12:30:00+00:00,945965.9800540898
2016-01-01 12:31:00+00:00,912315.734419814
2016-01-01 12:32:00+00:00,893715.086136844
2016-01-01 12:33:00+00:00,925584.2561838407
2016-01-01 12:34:00+00:00,932531.7040397516
2016-01-01 12:35:00+00:00,891556.0010702997
2016-01-01 12:36:00+00:00,928552.2957129738
2016-01-01 12:37:00+00:00,924582.021429285
2016-01-01 12:38:00+00:00,944843.7198981598
2016-01-01 12:39:00+00:00,951962.9899552793
2016-01-01 12:40:00+00:00,975950.1186024282
2016-01-01 12:41:00+00:00,1000792.7457028365
2016-01-01 12:42:00+00:00,998097.0529568165
2016-01-01 12:43:00+00:00,963904.1499900568
2016-01-01 12:44:00+00:00,903575.6626857704
2016-01-01 12:45:00+00:00,892841.139383818
2016-01-01 12:46:00+00:00,896815.0519778234
2016-01-01 12:47:00+00:00,884723.322592937
2016-01-01 12:48:00+00:00,891619.4098738848
2016-01-01 12:49:00+00:00,901363.4958942061
2016-01-01 12:50:00+00:00,915983.122201556
2016-01-01 12:51:00+00:00,917511.0127565358
2016-01-01 12:52:00+00:00,921151.7656028188
2016-01-01 12:53:00+00:00,930733.2036532778
2016-01-01 12:54:00+00:00,927428.4062279277
2016-01-01 12:55:00+00:00,927184.6097797721
2016-01-01 12:56:00+00:00,946689.6340750402
2016-01-01 12:57:00+00:00,962565.7880613683
2016-01-01 12:58:00+00:00,981074.1078963135
2016-01-01 12:59:00+00:00,960942.8989921126
2016-01-01 13:00:00+00:00,961164.9376237501
2016-01-01 13:01:00+00:00,928713.1356064295
2016-01-01 13:02:00+00:00,877074.6672376115
2016-01-01 13:03:00+00:00,879922.6495957907
2016-01-01 13:04:00+00:00,878397.468647094
2016-01-01 13:05:00+00:00,868803.6931600444
2016-01-01 13:06:00+00:00,863539.3826230443
2016-01-01 13:07:00+00:00,852577.5554307542
2016-01-01 13:08:00+00:00,863276.6895343559
2016-01-01 13:09:00+00:00,890064.8561388117
2016-01-01 13:10:00+00:00,905891.7732824299
2016-01-01 13:11:00+00:00,922555.8560660231
2016-01-01 13:12:00+00:00,933710.4905920011
2016-01-01 13:13:00+00:00,934340.3646159342
2016-01-01 13:14:00+00:00,919334.8980355185
2016-01-01 13:15:00+00:00,933027.5593809298
2016-01-01 13:16:00+00:00,945252.478231461
2016-01-01 13:17:00+00:00,951930.5641072193
2016-01-01 13:18:00+00:00,933647.9758582688
2016-01-01 13:19:00+00:00,903845.3559519128
2016-01-01 13:20:00+00:00,883114.1345675265
2016-01-01 13:21:00+00:00,881924.3887323342
2016-01-01 13:22:00+00:00,912574.1196976504
2016-01-01 13:23:00+00:00,958877.6498523244
2016-01-01 13:24:00+00:00,961288.745239449
2016-01-01 13:25:00+00:00,939479.4443507409
2016-01-01 13:26:00+00:00,984273.1602249622
2016-01-01 13:27:00+00:00,1000289.008114461
2016-01-01 13:28:00+00:00,989752.8615524558
2016-01-01 13:29:00+00:00,1013873.8450403189
2016-01-01 13:30:00+00:00,1022298.8007978608
2016-01-01 13:31:00+00:00,982473.479264419
2016-01-01 13:32:00+00:00,947943.0814384874
2016-01-01 13:33:00+00:00,860673.4995970514
2016-01-01 13:34:00+00:00,809027.2487971999
2016-01-01 13:35:00+00:00,801533.8299777174
2016-01-01 13:36:00+00:00,840319.136938822
2016-01-01 13:37:00+00:00,834643.8860716363
2016-01-01 13:38:00+00:00,809320.7719394162
2016-01-01 13:39:00+00:00,826318.8325824353
2016-01-01 13:40:00+00:00,900085.8278266242
2016-01-01 13:41:00+00:00,883360.9330246989
2016-01-01 13:42:00+00:00,893581.2707388429
2016-01-01 13:43:00+00:00,897020.6010212296
2016-01-01 13:44:00+00:00,923009.2465880702
2016-01-01 13:45:00+00:00,929342.9326292599
2016-01-01 13:46:00+00:00,916799.1684545539
2016-01-01 13:47:00+00:00,905139.2929541144
2016-01-01 13:48:00+00:00,926770.00977021
2016-01-01 13:49:00+00:00,938285.7385004099
2016-01-01 13:50:00+00:00,945590.7478939281
2016-01-01 13:51:00+00:00,906078.3346347898
2016-01-01 13:52:00+00:00,914595.2603333296
2016-01-01 13:53:00+00:00,863559.4082114209
2016-01-01 13:54:00+00:00,828171.8662769889
2016-01-01 13:55:00+00:00,863019.894874226
2016-01-01 13:56:00+00:00,913807.4431225293
2016-01-01 13:57:00+00:00,923630.6818970491
2016-01-01 13:58:00+00:00,949997.5509747016
2016-01-01 13:59:00+00:00,902287.4150102326
2016-01-01 14:00:00+00:00,879283.0059868387
2016-01-01 14:01:00+00:00,904291.0142716096
2016-01-01 14:02:00+00:00,916344.7592497037
2016-01-01 14:03:00+00:00,931513.3709426945
2016-01-01 14:04:00+00:00,915901.1283495601
2016-01-01 14:05:00+00:00,898875.9622944769
2016-01-01 14:06:00+00:00,868205.774036626
2016-01-01 14:07:00+00:00,866240.0583676959
2016-01-01 14:08:00+00:00,820843.1255857219
2016-01-01 14:09:00+00:00,868989.5230704241
2016-01-01 14:10:00+00:00,870744.0172229991
2016-01-01 14:11:00+00:00,848223.3795795303
2016-01-01 14:12:00+00:00,854202.7274538192
2016-01-01 14:13:00+00:00,844407.2733197196
2016-01-01 14:14:00+00:00,867560.739508582
2016-01-01 14:15:00+00:00,834151.1617049164
2016-01-01 14:16:00+00:00,835278.4429455774
2016-01-01 14:17:00+00:00,829173.5460093803
2016-01-01 14:18:00+00:00,841952.0777921457
2016-01-01 14:19:00+00:00,804768.1215314997
2016-01-01 14:20:00+00:00,813063.0724461694
2016-01-01 14:21:00+00:00,813356.9282666094
2016-01-01 14:22:00+00:00,861278.8124316398
2016-01-01 14:23:00+00:00,863074.7588594694
2016-01-01 14:24:00+00:00,808850.2217715807
2016-01-01 14:25:00+00:00,823960.3967115454
2016-01-01 14:26:00+00:00,871208.0421502962
2016-01-01 14:27:00+00:00,853793.2802750929
2016-01-01 14:28:00+00:00,857244.699739576
2016-01-01 14:29:00+00:00,852004.5927457933
2016-01-01 14:30:00+00:00,870904.2941001031
2016-01-01 14:31:00+00:00,824030.3192058908
2016-01-01 14:32:00+00:00,820721.1561650058
2016-01-01 14:33:00+00:00,848124.6457721564
2016-01-01 14:34:00+00:00,861496.2568831877
2016-01-01 14:35:00+00:00,863071.8211039084
2016-01-01 14:36:00+00:00,866852.8384933001
2016-01-01 14:37:00+00:00,870751.0648382973
2016-01-01 14:38:00+00:00,854634.705146903
2016-01-01 14:39:00+00:00,820534.4091466529
2016-01-01 14:40:00+00:00,805287.2180960791
2016-01-01 14:41:00+00:00,825447.4719829055
2016-01-01 14:42:00+00:00,803200.4377217159
2016-01-01 14:43:00+00:00,814469.8777609699
2016-01-01 14:44:00+00:00,828337.5954309296
2016-01-01 14:45:00+00:00,831916.2113606448
2016-01-01 14:46:00+00:00,874064.8303050589
2016-01-01 14:47:00+00:00,881584.0626649847
2016-01-01 14:48:00+00:00,872552.2859185243
2016-01-01 14:49:00+00:00,865449.0203756436
2016-01-01 14:50:00+00:00,906794.8604381145
2016-01-01 14:51:00+00:00,886148.3377835494
2016-01-01 14:52:00+00:00,802316.8970696684
2016-01-01 14:53:00+00:00,797544.6293188301
2016-01-01 14:54:00+00:00,828283.6598169904
2016-01-01 14:55:00+00:00,814452.6380993613
2016-01-01 14:56:00+00:00,776011.8815533849
2016-01-01 14:57:00+00:00,788408.47699692
2016-01-01 14:58:00+00:00,807944.4106669426
2016-01-01 14:59:00+00:00,855414.9983588989
2016-01-01 15:00:00+00:00,846835.3190542528
2016-01-01 15:01:00+00:00,828997.5432192017
2016-01-01 15:02:00+00:00,821684.1740629142
2016-01-01 15:03:00+00:00,766860.6740997747
2016-01-01 15:04:00+00:00,789505.4250166888
2016-01-01 15:05:00+00:00,793625.797356711
2016-01-01 15:06:00+00:00,823934.9080030934
2016-01-01 15:07:00+00:00,816763.7184358885
2016-01-01 15:08:00+00:00,851665.0343736465
2016-01-01 15:09:00+00:00,806903.2616853053
2016-01-01 15:10:00+00:00,836551.2273024443
2016-01-01 15:11:00+00:00,792534.3081786693
2016-01-01 15:12:00+00:00,754121.8668247882
2016-01-01 15:13:00+00:00,791819.0183524817
2016-01-01 15:14:00+00:00,772240.9515588299
2016-01-01 15:15:00+00:00,780903.5418690492
2016-01-01 15:16:00+00:00,777202.4893596448
2016-01-01 15:17:00+00:00,768233.195654581
2016-01-01 15:18:00+00:00,754386.597112324
2016-01-01 15:19:00+00:00,739795.5222216836
2016-01-01 15:20:00+00:00,747604.7436927066
2016-01-01 15:21:00+00:00,736107.9501244193
2016-01-01 15:22:00+00:00,684001.5854071962
2016-01-01 15:23:00+00:00,678734.6737724139
2016-01-01 15:24:00+00:00,669197.66597721
2016-01-01 15:25:00+00:00,670166.2092146681
2016-01-01 15:26:00+00:00,736180.6850020025
2016-01-01 15:27:00+00:00,775269.8657076916
2016-01-01 15:28:00+00:00,750251.866218014
2016-01-01 15:29:00+00:00,711258.2280171104
2016-01-01 15:30:00+00:00,730899.6151685265
2016-01-01 15:31:00+00:00,742137.5505546216
2016-01-01 15:32:00+00:00,752821.0532749667
2016-01-01 15:33:00+00:00,739117.4959797973
2016-01-01 15:34:00+00:00,777097.3957772523
2016-01-01 15:35:00+00:00,738120.0227539751
2016-01-01 15:36:00+00:00,754017.8417294114
2016-01-01 15:37:00+00:00,736555.6247042574
2016-01-01 15:38:00+00:00,739173.1336517376
2016-01-01 15:39:00+00:00,740575.2432113268
2016-01-01 15:40:00+00:00,674685.3444944597
2016-01-01 15:41:00+00:00,650917.2089897499
2016-01-01 15:42:00+00:00,665086.7398730185
2016-01-01 15:43:00+00:00,697952.5006934735
2016-01-01 15:44:00+00:00,734423.8914738246
2016-01-01 15:45:00+00:00,757495.6841941128
2016-01-01 15:46:00+00:00,741627.932115626
2016-01-01 15:47:00+00:00,738305.0016152147
2016-01-01 15:48:00+00:00,762436.5530496675
2016-01-01 15:49:00+00:00,744796.3753376185
2016-01-01 15:50:00+00:00,740965.9131757927
2016-01-01 15:51:00+00:00,740442.0496071649
2016-01-01 15:52:00+00:00,719793.8588996492
2016-01-01 15:53:00+00:00,725313.5244788106
2016-01-01 15:54:00+00:00,725001.9030100646
2016-01-01 15:55:00+00:00,748637.6295383058
2016-01-01 15:56:00+00:00,735966.795572344
2016-01-01 15:57:00+00:00,730395.0595507879
2016-01-01 15:58:00+00:00,749068.546145879
2016-01-01 15:59:00+00:00,747681.5165875703
2016-01-01 16:00:00+00:00,750751.0024179264
2016-01-01 16:01:00+00:00,740620.8086053479
2016-01-01 16:02:00+00:00,707337.0129838262
2016-01-01 16:03:00+00:00,725723.6563664691
2016-01-01 16:04:00+00:00,717416.8415039751
2016-01-01 16:05:00+00:00,673943.2469807228
2016-01-01 16:06:00+00:00,658292.3680998945
2016-01-01 16:07:00+00:00,697533.5583615942
2016-01-01 16:08:00+00:00,724425.2198073363
2016-01-01 16:09:00+00:00,732881.5482006915
2016-01-01 16:10:00+00:00,741214.5235739752
2016-01-01 16:11:00+00:00,782195.7930023235
2016-01-01 16:12:00+00:00,807695.0780450101
2016-01-01 16:13:00+00:00,834002.8606475244
2016-01-01 16:14:00+00:00,802629.1582334113
2016-01-01 16:15:00+00:00,786142.0928837518
2016-01-01 16:16:00+00:00,785751.6574422144
2016-01-01 16:17:00+00:00,839233.0958512437
2016-01-01 16:18:00+00:00,862091.8026978426
2016-01-01 16:19:00+00:00,890231.8587040388
2016-01-01 16:20:00+00:00,902275.3843030516
2016-01-01 16:21:00+00:00,902464.1177891834
2016-01-01 16:22:00+00:00,929868.1709883548
2016-01-01 16:23:00+00:00,939670.9003474085
2016-01-01 16:24:00+00:00,943339.2052805331
2016-01-01 16:25:00+00:00,928447.3049251271
2016-01-01 16:26:00+00:00,938441.3317462665
2016-01-01 16:27:00+00:00,878438.8709067726
2016-01-01 16:28:00+00:00,919283.5536649779
2016-01-01 16:29:00+00:00,918745.778762339
2016-01-01 16:30:00+00:00,939750.7116681449
2016-01-01 16:31:00+00:00,923956.6244980765
2016-01-01 16:32:00+00:00,936013.4832216684
2016-01-01 16:33:00+00:00,935430.9768791543
2016-01-01 16:34:00+00:00,915451.1203122092
2016-01-01 16:35:00+00:00,896768.4233365746
2016-01-01 16:36:00+00:00,910778.3658879967
2016-01-01 16:37:00+00:00,910618.7691391516
2016-01-01 16:38:00+00:00,911609.3615211492
2016-01-01 16:39:00+00:00,910748.753540418
2016-01-01 16:40:00+00:00,873981.0351943142
2016-01-01 16:41:00+00:00,860366.5399259344
2016-01-01 16:42:00+00:00,861687.1682434751
2016-01-01 16:43:00+00:00,860393.0674178429
2016-01-01 16:44:00+00:00,863552.5559262056
2016-01-01 16:45:00+00:00,844262.8857138716
2016-01-01 16:46:00+00:00,920341.6190537275
2016-01-01 16:47:00+00:00,922349.2014646023
2016-01-01 16:48:00+00:00,861082.5935071073
2016-01-01 16:49:00+00:00,926281.9769151988
2016-01-01 16:50:00+00:00,966741.4380468604
2016-01-01 16:51:00+00:00,971166.9975939634
2016-01-01 16:52:00+00:00,971710.1873840027
2016-01-01 16:53:00+00:00,974786.1757010994
2016-01-01 16:54:00+00:00,1019282.8540736932
2016-01-01 16:55:00+00:00,1011044.704786257
2016-01-01 16:56:00+00:00,1027383.573425709
2016-01-01 16:57:00+00:00,1085316.1221479424
2016-01-01 16:58:00+00:00,1075222.8969056886
2016-01-01 16:59:00+00:00,993202.7060430249
2016-01-01 17:00:00+00:00,1003228.8064780656
2016-01-01 17:01:00+00:00,1002249.7355516484
2016-01-01 17:02:00+00:00,1032213.6471589796
2016-01-01 17:03:00+00:00,1070280.268604307
2016-01-01 17:04:00+00:00,1058647.1856545722
2016-01-01 17:05:00+00:00,1050690.8522884478
2016-01-01 17:06:00+00:00,1074399.0027974574
2016-01-01 17:07:00+00:00,1091383.8716040784
2016-01-01 17:08:00+00:00,1079671.7716871134
2016-01-01 17:09:00+00:00,1061292.4553317616
2016-01-01 17:10:00+00:00,1060856.8415883179
2016-01-01 17:11:00+00:00,1040396.2147366523
2016-01-01 17:12:00+00:00,1062502.9942405708
2016-01-01 17:13:00+00:00,1064196.451005401
2016-01-01 17:14:00+00:00,1047839.4289704525
2016-01-01 17:15:00+00:00,1074076.008997235
2016-01-01 17:16:00+00:00,1039053.0867995069
2016-01-01 17:17:00+00:00,1054130.1929163085
2016-01-01 17:18:00+00:00,1038918.3579908418
2016-01-01 17:19:00+00:00,1030899.7252430838
2016-01-01 17:20:00+00:00,1068282.4861679159
2016-01-01 17:21:00+00:00,1095768.405133116
2016-01-01 17:22:00+00:00,1022502.6841320408
2016-01-01 17:23:00+00:00,1011217.3477761705
2016-01-01 17:24:00+00:00,986300.3512603238
2016-01-01 17:25:00+00:00,977264.2409811463
2016-01-01 17:26:00+00:00,925565.7700018396
2016-01-01 17:27:00+00:00,919873.7741441035
2016-01-01 17:28:00+00:00,900229.5333829315
2016-01-01 17:29:00+00:00,910369.5258184087
2016-01-01 17:30:00+00:00,864539.6210121033
2016-01-01 17:31:00+00:00,833498.5378871837
2016-01-01 17:32:00+00:00,816415.104415133
2016-01-01 17:33:00+00:00,801155.3589537954
2016-01-01 17:34:00+00:00,771466.5595437003
2016-01-01 17:35:00+00:00,767994.7157500018
2016-01-01 17:36:00+00:00,731935.9890062079
2016-01-01 17:37:00+00:00,754790.9499187531
2016-01-01 17:38:00+00:00,760957.1399733081
2016-01-01 17:39:00+00:00,758950.2274037327
2016-01-01 17:40:00+00:00,754568.6464376766
2016-01-01 17:41:00+00:00,766249.3852843278
2016-01-01 17:42:00+00:00,729892.5862664494
2016-01-01 17:43:00+00:00,760534.3885372158
2016-01-01 17:44:00+00:00,766026.9133978825
2016-01-01 17:45:00+00:00,713377.9390513999
2016-01-01 17:46:00+00:00,690289.6773009945
2016-01-01 17:47:00+00:00,708509.336797885
2016-01-01 17:48:00+00:00,743134.660144795
2016-01-01 17:49:00+00:00,780596.0596083353
2016-01-01 17:50:00+00:00,730417.7967914868
2016-01-01 17:51:00+00:00,748521.7478520146
2016-01-01 17:52:00+00:00,778106.2737678239
2016-01-01 17:53:00+00:00,782699.987621032
2016-01-01 17:54:00+00:00,763243.5582864645
2016-01-01 17:55:00+00:00,803046.4718668783
2016-01-01 17:56:00+00:00,771398.0264351538
2016-01-01 17:57:00+00:00,710287.0307951913
2016-01-01 17:58:00+00:00,707901.4083082182
2016-01-01 17:59:00+00:00,718222.225665961
2016-01-01 18:00:00+00:00,715402.3610443767
2016-01-01 18:01:00+00:00,745036.3178045017
2016-01-01 18:02:00+00:00,720961.8072112483
2016-01-01 18:03:00+00:00,699127.9620104785
2016-01-01 18:04:00+00:00,668718.152254494
2016-01-01 18:05:00+00:00,679422.58176904
2016-01-01 18:06:00+00:00,633889.073339883
2016-01-01 18:07:00+00:00,609709.1092343933
2016-01-01 18:08:00+00:00,632317.3618908798
2016-01-01 18:09:00+00:00,637520.294067974
2016-01-01 18:10:00+00:00,634472.0854776285
2016-01-01 18:11:00+00:00,592065.7941528707
2016-01-01 18:12:00+00:00,601729.4028768403
2016-01-01 18:13:00+00:00,653890.8436549606
2016-01-01 18:14:00+00:00,670269.1450371856
2016-01-01 18:15:00+00:00,658060.9580239903
2016-01-01 18:16:00+00:00,671093.0709761714
2016-01-01 18:17:00+00:00,658418.1132900971
2016-01-01 18:18:00+00:00,659491.9047518073
2016-01-01 18:19:00+00:00,640719.3140733991
2016-01-01 18:20:00+00:00,625095.8506442948
2016-01-01 18:21:00+00:00,572306.591973019
2016-01-01 18:22:00+00:00,627256.0370469198
2016-01-01 18:23:00+00:00,617037.5386964582
2016-01-01 18:24:00+00:00,578376.8863690842
2016-01-01 18:25:00+00:00,563662.6491380751
2016-01-01 18:26:00+00:00,584620.7738756267
2016-01-01 18:27:00+00:00,575664.3272888181
2016-01-01 18:28:00+00:00,597757.4038055649
2016-01-01 18:29:00+00:00,601875.4027182279
2016-01-01 18:30:00+00:00,598033.0189547124
2016-01-01 18:31:00+00:00,640643.5439133428
2016-01-01 18:32:00+00:00,660998.6038646945
2016-01-01 18:33:00+00:00,623268.6475323201
2016-01-01 18:34:00+00:00,630064.1063781545
2016-01-01 18:35:00+00:00,608818.8916879359
2016-01-01 18:36:00+00:00,584370.5316993376
2016-01-01 18:37:00+00:00,556072.6529423181
2016-01-01 18:38:00+00:00,570244.1975126305
2016-01-01 18:39:00+00:00,567390.8550704726
2016-01-01 18:40:00+00:00,536059.1453639045
2016-01-01 18:41:00+00:00,507692.70436154056
2016-01-01 18:42:00+00:00,561983.3329524738
2016-01-01 18:43:00+00:00,551691.965392893
2016-01-01 18:44:00+00:00,539171.9347630185
2016-01-01 18:45:00+00:00,524011.2566806699
2016-01-01 18:46:00+00:00,538587.2031254575
2016-01-01 18:47:00+00:00,537754.3907432345
2016-01-01 18:48:00+00:00,528330.9558421351
2016-01-01 18:49:00+00:00,514964.0711834152
2016-01-01 18:50:00+00:00,528768.539576649
2016-01-01 18:51:00+00:00,545134.3134549686
2016-01-01 18:52:00+00:00,525165.3408016667
2016-01-01 18:53:00+00:00,519613.1491873126
2016-01-01 18:54:00+00:00,493125.19588160084
2016-01-01 18:55:00+00:00,515752.0897789948
2016-01-01 18:56:00+00:00,475213.24316983577
2016-01-01 18:57:00+00:00,443408.0002832914
2016-01-01 18:58:00+00:00,435322.4778597212
2016-01-01 18:59:00+00:00,409214.4753931476
2016-01-01 19:00:00+00:00,405000.9930063772
2016-01-01 19:01:00+00:00,406183.4273108176
2016-01-01 19:02:00+00:00,391761.8916388521
2016-01-01 19:03:00+00:00,392075.5648153378
2016-01-01 19:04:00+00:00,366493.3836940559
2016-01-01 19:05:00+00:00,348862.3562152713
2016-01-01 19:06:00+00:00,332817.8470562117
2016-01-01 19:07:00+00:00,311102.77130694425
2016-01-01 19:08:00+00:00,311801.5956277232
2016-01-01 19:09:00+00:00,320619.6989763993
2016-01-01 19:10:00+00:00,325780.7456244235
2016-01-01 19:11:00+00:00,310043.1507324309
2016-01-01 19:12:00+00:00,318629.13834030245
2016-01-01 19:13:00+00:00,332559.7084739479
2016-01-01 19:14:00+00:00,293104.3392309071
2016-01-01 19:15:00+00:00,301691.4567826173
2016-01-01 19:16:00+00:00,290945.30732177774
2016-01-01 19:17:00+00:00,283321.45327939204
2016-01-01 19:18:00+00:00,316907.53198928724
2016-01-01 19:19:00+00:00,285738.63129576546
2016-01-01 19:20:00+00:00,265573.3876323545
2016-01-01 19:21:00+00:00,258643.35609766265
2016-01-01 19:22:00+00:00,258643.3504125126
2016-01-01 19:23:00+00:00,253398.6459447349
2016-01-01 19:24:00+00:00,242625.4566108781
2016-01-01 19:25:00+00:00,242625.4543368181
2016-01-01 19:26:00+00:00,250053.1660075963
2016-01-01 19:27:00+00:00,261262.76260337958
2016-01-01 19:28:00+00:00,239277.15724060498
2016-01-01 19:29:00+00:00,249615.30746551463
2016-01-01 19:30:00+00:00,270691.2614214737
2016-01-01 19:31:00+00:00,279005.04206606006
2016-01-01 19:32:00+00:00,300492.5500835627
2016-01-01 19:33:00+00:00,282048.8781570886
2016-01-01 19:34:00+00:00,304059.7694720387
2016-01-01 19:35:00+00:00,312258.61384234147
2016-01-01 19:36:00+00:00,285355.24011128885
2016-01-01 19:37:00+00:00,277405.3177369567
2016-01-01 19:38:00+00:00,275550.7869295352
2016-01-01 19:39:00+00:00,301766.8301546322
2016-01-01 19:40:00+00:00,314169.022415911
2016-01-01 19:41:00+00:00,297200.01411489403
2016-01-01 19:42:00+00:00,296796.468793363
2016-01-01 19:43:00+00:00,318854.2521261127
2016-01-01 19:44:00+00:00,318619.52509717765
2016-01-01 19:45:00+00:00,319588.1027033868
2016-01-01 19:46:00+00:00,287483.72599536984
2016-01-01 19:47:00+00:00,289090.4447327676
2016-01-01 19:48:00+00:00,279033.22544785694
2016-01-01 19:49:00+00:00,295310.3521001795
2016-01-01 19:50:00+00:00,318757.6121080162
2016-01-01 19:51:00+00:00,300383.3967407149
2016-01-01 19:52:00+00:00,300383.39446665486
2016-01-01 19:53:00+00:00,295585.1830019389
2016-01-01 19:54:00+00:00,295585.17390569893
2016-01-01 19:55:00+00:00,319772.96727033064
2016-01-01 19:56:00+00:00,319772.96499627066
2016-01-01 19:57:00+00:00,319772.9593111206
2016-01-01 19:58:00+00:00,311884.36237461056
2016-01-01 19:59:00+00:00,311884.35896352056
2016-01-01 20:00:00+00:00,303618.27846688154
2016-01-01 20:01:00+00:00,304499.4771996033
2016-01-01 20:02:00+00:00,291142.94256817584
2016-01-01 20:03:00+00:00,319777.3369889908
2016-01-01 20:04:00+00:00,308495.2215473098
2016-01-01 20:05:00+00:00,296604.63341590314
2016-01-01 20:06:00+00:00,316684.8860126743
2016-01-01 20:07:00+00:00,306670.8342982115
2016-01-01 20:08:00+00:00,319370.7060474085
2016-01-01 20:09:00+00:00,308214.84230155475
2016-01-01 20:10:00+00:00,309269.55536427564
2016-01-01 20:11:00+00:00,327882.60486499424
2016-01-01 20:12:00+00:00,302303.76004986936
2016-01-01 20:13:00+00:00,283586.830170665
2016-01-01 20:14:00+00:00,317620.6587217555
2016-01-01 20:15:00+00:00,299785.02068971394
2016-01-01 20:16:00+00:00,275999.07909020974
2016-01-01 20:17:00+00:00,309148.6477663563
2016-01-01 20:18:00+00:00,336790.42276315414
2016-01-01 20:19:00+00:00,317280.24564670236
2016-01-01 20:20:00+00:00,335236.6540865331
2016-01-01 20:21:00+00:00,336119.00661889336
2016-01-01 20:22:00+00:00,314052.049881207
2016-01-01 20:23:00+00:00,294145.34242893785
2016-01-01 20:24:00+00:00,305336.6074143357
2016-01-01 20:25:00+00:00,273076.67428774125
2016-01-01 20:26:00+00:00,303783.8754591665
2016-01-01 20:27:00+00:00,279001.8814000458
2016-01-01 20:28:00+00:00,267373.92187146784
2016-01-01 20:29:00+00:00,277340.1605526777
2016-01-01 20:30:00+00:00,298134.1586309931
2016-01-01 20:31:00+00:00,264461.99515265797
2016-01-01 20:32:00+00:00,289451.41458338057
2016-01-01 20:33:00+00:00,308384.62850449764
2016-01-01 20:34:00+00:00,341399.1263618122
2016-01-01 20:35:00+00:00,336213.31460421305
2016-01-01 20:36:00+00:00,318102.7802741712
2016-01-01 20:37:00+00:00,324372.066791732
2016-01-01 20:38:00+00:00,335568.5506179826
2016-01-01 20:39:00+00:00,332758.50169286714
2016-01-01 20:40:00+00:00,334399.0978505572
2016-01-01 20:41:00+00:00,416355.3214377379
2016-01-01 20:42:00+00:00,449574.73994022753
2016-01-01 20:43:00+00:00,430164.5928996838
2016-01-01 20:44:00+00:00,453310.8731604914
2016-01-01 20:45:00+00:00,450584.61323178234
2016-01-01 20:46:00+00:00,447859.4142384581
2016-01-01 20:47:00+00:00,443316.66550132574
2016-01-01 20:48:00+00:00,419752.3106391447
2016-01-01 20:49:00+00:00,413745.83098458947
2016-01-01 20:50:00+00:00,400175.2758746886
2016-01-01 20:51:00+00:00,400664.92274850653
2016-01-01 20:52:00+00:00,352510.8964242389
2016-01-01 20:53:00+00:00,355723.2450384853
2016-01-01 20:54:00+00:00,362185.60404186085
2016-01-01 20:55:00+00:00,408588.5236118298
2016-01-01 20:56:00+00:00,386604.59670329525
2016-01-01 20:57:00+00:00,416168.03067957505
2016-01-01 20:58:00+00:00,412889.48193307116
2016-01-01 20:59:00+00:00,446039.3397370435
2016-01-01 21:00:00+00:00,467626.05563310604
2016-01-01 21:01:00+00:00,484265.6764895285
2016-01-01 21:02:00+00:00,481622.61870996456
2016-01-01 21:03:00+00:00,501631.83783679135
2016-01-01 21:04:00+00:00,457009.3215043401
2016-01-01 21:05:00+00:00,392084.9918233105
2016-01-01 21:06:00+00:00,402187.78013831243
2016-01-01 21:07:00+00:00,378297.55736819585
2016-01-01 21:08:00+00:00,387500.2528869145
2016-01-01 21:09:00+00:00,392771.0161179381
2016-01-01 21:10:00+00:00,359310.149682297
2016-01-01 21:11:00+00:00,397578.610399846
2016-01-01 21:12:00+00:00,403821.6344199446
2016-01-01 21:13:00+00:00,394964.6851854857
2016-01-01 21:14:00+00:00,395123.3269584028
2016-01-01 21:15:00+00:00,375881.6985397396
2016-01-01 21:16:00+00:00,356492.59994505916
2016-01-01 21:17:00+00:00,347055.9484760331
2016-01-01 21:18:00+00:00,386586.49585302663
2016-01-01 21:19:00+00:00,356123.64358084253
2016-01-01 21:20:00+00:00,355485.91284747556
2016-01-01 21:21:00+00:00,321816.7559198391
2016-01-01 21:22:00+00:00,354384.3258330187
2016-01-01 21:23:00+00:00,362362.4499872994
2016-01-01 21:24:00+00:00,352827.1766465655
2016-01-01 21:25:00+00:00,345045.83228188177
2016-01-01 21:26:00+00:00,297965.8289450955
2016-01-01 21:27:00+00:00,295648.89477939554
2016-01-01 21:28:00+00:00,275713.90804995457
2016-01-01 21:29:00+00:00,279675.50200037326
2016-01-01 21:30:00+00:00,290870.34679496445
2016-01-01 21:31:00+00:00,289280.0720590083
2016-01-01 21:32:00+00:00,283751.7953986759
2016-01-01 21:33:00+00:00,315587.4322790117
2016-01-01 21:34:00+00:00,351004.13252839353
2016-01-01 21:35:00+00:00,344505.66204100684
2016-01-01 21:36:00+00:00,309917.8594286561
2016-01-01 21:37:00+00:00,321466.6531846954
2016-01-01 21:38:00+00:00,309568.65871583356
2016-01-01 21:39:00+00:00,278998.5022063944
2016-01-01 21:40:00+00:00,286228.38015198277
2016-01-01 21:41:00+00:00,268993.49580076087
2016-01-01 21:42:00+00:00,280642.3456409883
2016-01-01 21:43:00+00:00,289409.7413679343
2016-01-01 21:44:00+00:00,274617.47932168964
2016-01-01 21:45:00+00:00,298781.79041464353
2016-01-01 21:46:00+00:00,272935.7748131891
2016-01-01 21:47:00+00:00,277495.37805733655
2016-01-01 21:48:00+00:00,278928.962909863
2016-01-01 21:49:00+00:00,263502.512293707
2016-01-01 21:50:00+00:00,239408.9219740117
2016-01-01 21:51:00+00:00,217982.7085091639
2016-01-01 21:52:00+00:00,198539.07959148893
2016-01-01 21:53:00+00:00,205624.86391618062
2016-01-01 21:54:00+00:00,183257.36860063137
2016-01-01 21:55:00+00:00,195047.0676956303
2016-01-01 21:56:00+00:00,210874.92181503738
2016-01-01 21:57:00+00:00,234009.39686501058
2016-01-01 21:58:00+00:00,230859.7132974851
2016-01-01 21:59:00+00:00,198620.65215245044
2016-01-01 22:00:00+00:00,199317.9864262272
2016-01-01 22:01:00+00:00,235666.3113004188
2016-01-01 22:02:00+00:00,254125.03507891716
2016-01-01 22:03:00+00:00,233562.60915643562
2016-01-01 22:04:00+00:00,227594.29427033095
2016-01-01 22:05:00+00:00,234620.1743409705
2016-01-01 22:06:00+00:00,247603.24931829565
2016-01-01 22:07:00+00:00,237594.0481348699
2016-01-01 22:08:00+00:00,236082.83118864967
2016-01-01 22:09:00+00:00,225674.9412374503
2016-01-01 22:10:00+00:00,261182.06092557518
2016-01-01 22:11:00+00:00,286198.13363368536
2016-01-01 22:12:00+00:00,289371.92489112826
2016-01-01 22:13:00+00:00,276485.9875702012
2016-01-01 22:14:00+00:00,248665.68487975045
2016-01-01 22:15:00+00:00,253970.28723735228
2016-01-01 22:16:00+00:00,277089.03535055334
2016-01-01 22:17:00+00:00,338814.36393436714
2016-01-01 22:18:00+00:00,320338.0740240786
2016-01-01 22:19:00+00:00,297308.1824541818
2016-01-01 22:20:00+00:00,339007.22403556295
2016-01-01 22:21:00+00:00,354312.7275020767
2016-01-01 22:22:00+00:00,346932.11046255217
2016-01-01 22:23:00+00:00,344643.03545910714
2016-01-01 22:24:00+00:00,333073.2905300613
2016-01-01 22:25:00+00:00,241970.42900259717
2016-01-01 22:26:00+00:00,263999.73863843846
2016-01-01 22:27:00+00:00,211824.18461277633
2016-01-01 22:28:00+00:00,206878.8966837099
2016-01-01 22:29:00+00:00,206381.79143800438
2016-01-01 22:30:00+00:00,235268.55136050042
2016-01-01 22:31:00+00:00,237219.28202947555
2016-01-01 22:32:00+00:00,263092.1844754719
2016-01-01 22:33:00+00:00,294657.67362878757
2016-01-01 22:34:00+00:00,304581.6234404549
2016-01-01 22:35:00+00:00,305683.56937900535
2016-01-01 22:36:00+00:00,250359.92117381687
2016-01-01 22:37:00+00:00,240657.36529281698
2016-01-01 22:38:00+00:00,220448.73815880186
2016-01-01 22:39:00+00:00,177709.07471024434
2016-01-01 22:40:00+00:00,144485.7281207038
2016-01-01 22:41:00+00:00,104672.85376129963
2016-01-01 22:42:00+00:00,96695.76793399673
2016-01-01 22:43:00+00:00,85016.74900342281
2016-01-01 22:44:00+00:00,51669.757270074166
2016-01-01 22:45:00+00:00,62584.5821307494
2016-01-01 22:46:00+00:00,90093.65200416601
2016-01-01 22:47:00+00:00,79868.4764567857
2016-01-01 22:48:00+00:00,129375.5332789101
2016-01-01 22:49:00+00:00,163430.17609951206
2016-01-01 22:50:00+00:00,167398.24023375104
2016-01-01 22:51:00+00:00,161833.85505104825
2016-01-01 22:52:00+00:00,170022.02134302285
2016-01-01 22:53:00+00:00,170207.72722944545
2016-01-01 22:54:00+00:00,198671.82096133064
2016-01-01 22:55:00+00:00,144736.44603719033
2016-01-01 22:56:00+00:00,154032.31164544713
2016-01-01 22:57:00+00:00,128152.11138089931
2016-01-01 22:58:00+00:00,104910.2747693015
2016-01-01 22:59:00+00:00,103259.37226467523
2016-01-01 23:00:00+00:00,103259.37226467523
2016-01-01 23:01:00+00:00,103291.86306460468
2016-01-01 23:02:00+00:00,103291.86306460468
2016-01-01 23:03:00+00:00,103291.86306460468
2016-01-01 23:04:00+00:00,103291.86306460468
2016-01-01 23:05:00+00:00,103291.86306460468
2016-01-01 23:06:00+00:00,103291.86306460468
2016-01-01 23:07:00+00:00,103291.86306460468
2016-01-01 23:08:00+00:00,103291.86306460468
2016-01-01 23:09:00+00:00,103291.86306460468
2016-01-01 23:10:00+00:00,103291.86306460468
2016-01-01 23:11:00+00:00,103291.86306460468
2016-01-01 23:12:00+00:00,103291.86306460468
2016-01-01 23:13:00+00:00,103291.86306460468
2016-01-01 23:14:00+00:00,103291.86306460468
2016-01-01 23:15:00+00:00,103291.86306460468
2016-01-01 23:16:00+00:00,103291.86306460468
2016-01-01 23:17:00+00:00,103291.86306460468
2016-01-01 23:18:00+00:00,103291.86306460468
2016-01-01 23:19:00+00:00,103291.86306460468
2016-01-01 23:20:00+00:00,103291.86306460468
2016-01-01 23:21:00+00:00,103291.86306460468
2016-01-01 23:22:00+00:00,103291.86306460468
2016-01-01 23:23:00+00:00,103291.86306460468
2016-01-01 23:24:00+00:00,103291.86306460468
2016-01-01 23:25:00+00:00,103291.86306460468
2016-01-01 23:26:00+00:00,103291.86306460468
2016-01-01 23:27:00+00:00,103291.86306460468
2016-01-01 23:28:00+00:00,103291.86306460468
2016-01-01 23:29:00+00:00,103291.86306460468
2016-01-01 23:30:00+00:00,103291.86306460468
2016-01-01 23:31:00+00:00,103291.86306460468
2016-01-01 23:32:00+00:00,103291.86306460468
2016-01-01 23:33:00+00:00,103291.86306460468
2016-01-01 23:34:00+00:00,103291.86306460468
2016-01-01 23:35:00+00:00,103291.86306460468
2016-01-01 23:36:00+00:00,103291.86306460468
2016-01-01 23:37:00+00:00,103291.86306460468
2016-01-01 23:38:00+00:00,103291.86306460468
2016-01-01 23:39:00+00:00,103291.86306460468
2016-01-01 23:40:00+00:00,103291.86306460468
2016-01-01 23:41:00+00:00,103291.86306460468
2016-01-01 23:42:00+00:00,103291.86306460468
2016-01-01 23:43:00+00:00,103291.86306460468
2016-01-01 23:44:00+00:00,103291.86306460468
2016-01-01 23:45:00+00:00,103291.86306460468
2016-01-01 23:46:00+00:00,103291.86306460468
2016-01-01 23:47:00+00:00,103291.86306460468
2016-01-01 23:48:00+00:00,103291.86306460468
2016-01-01 23:49:00+00:00,103291.86306460468
2016-01-01 23:50:00+00:00,103291.86306460468
2016-01-01 23:51:00+00:00,103291.86306460468
2016-01-01 23:52:00+00:00,103291.86306460468
2016-01-01 23:53:00+00:00,103291.86306460468
2016-01-01 23:54:00+00:00,103291.86306460468
2016-01-01 23:55:00+00:00,103291.86306460468
2016-01-01 23:56:00+00:00,103291.86306460468
2016-01-01 23:57:00+00:00,103291.86306460468
2016-01-01 23:58:00+00:00,103291.86306460468
2016-01-01 23:59:00+00:00,103291.86306460468
